
> conference-engine@0.1.0 db:migrate:local
> wrangler d1 migrations apply conference-engine --local


 ⛅️ wrangler 4.120.0 (update available 4.120.1)
───────────────────────────────────────────────
Resource location: local 

Use --remote if you want to access the remote instance.

Migrations to be applied:
┌────────────────────────────────────────────┐
│ name                                       │
├────────────────────────────────────────────┤
│ 0001_core.sql                              │
├────────────────────────────────────────────┤
│ 0002_speaker_tasks.sql                     │
├────────────────────────────────────────────┤
│ 0003_evaluation_email_agenda.sql           │
├────────────────────────────────────────────┤
│ 0004_event_rooms.sql                       │
├────────────────────────────────────────────┤
│ 0005_submission_category.sql               │
├────────────────────────────────────────────┤
│ 0006_reviewers.sql                         │
├────────────────────────────────────────────┤
│ 0007_submission_labels.sql                 │
├────────────────────────────────────────────┤
│ 0008_co_speakers.sql                       │
├────────────────────────────────────────────┤
│ 0009_review_assignments.sql                │
├────────────────────────────────────────────┤
│ 0010_accounts.sql                          │
├────────────────────────────────────────────┤
│ 0011_agenda_slot_room_id.sql               │
├────────────────────────────────────────────┤
│ 0012_production_hardening.sql              │
├────────────────────────────────────────────┤
│ 0013_final_gate_security.sql               │
├────────────────────────────────────────────┤
│ 0014_delivery_claim_hardening.sql          │
├────────────────────────────────────────────┤
│ 0015_product_foundation.sql                │
├────────────────────────────────────────────┤
│ 0016_self_service_configuration.sql        │
├────────────────────────────────────────────┤
│ 0017_cfp_lifecycle.sql                     │
├────────────────────────────────────────────┤
│ 0018_evaluation_workflows.sql              │
├────────────────────────────────────────────┤
│ 0019_communications_portal.sql             │
├────────────────────────────────────────────┤
│ 0020_session_lineage_media.sql             │
├────────────────────────────────────────────┤
│ 0021_session_materialization_claims.sql    │
├────────────────────────────────────────────┤
│ 0022_reviewer_email.sql                    │
├────────────────────────────────────────────┤
│ 0023_airtable_sync_opt_in.sql              │
├────────────────────────────────────────────┤
│ 0024_form_builder_phase3.sql               │
├────────────────────────────────────────────┤
│ 0025_speaker_profile_task_fields.sql       │
├────────────────────────────────────────────┤
│ 0026_speaker_roster.sql                    │
├────────────────────────────────────────────┤
│ 0027_review_assignment_recusal.sql         │
├────────────────────────────────────────────┤
│ 0028_speaker_profile_sync_backfill.sql     │
├────────────────────────────────────────────┤
│ 0029_public_embeds.sql                     │
├────────────────────────────────────────────┤
│ 0030_content_deliverables.sql              │
├────────────────────────────────────────────┤
│ 0031_review_rounds.sql                     │
├────────────────────────────────────────────┤
│ 0032_speaker_operations.sql                │
├────────────────────────────────────────────┤
│ 0033_structured_speaker_tasks.sql          │
├────────────────────────────────────────────┤
│ 0034_portal_resources.sql                  │
├────────────────────────────────────────────┤
│ 0035_accelevents_sync.sql                  │
├────────────────────────────────────────────┤
│ 0036_speaker_crm.sql                       │
├────────────────────────────────────────────┤
│ 0037_speaker_profile_identity_fields.sql   │
├────────────────────────────────────────────┤
│ 0038_organizer_submission_notify_prefs.sql │
├────────────────────────────────────────────┤
│ 0039_accelevents_auto_sync.sql             │
├────────────────────────────────────────────┤
│ 0040_event_api_tokens.sql                  │
├────────────────────────────────────────────┤
│ 0041_public_embed_status.sql               │
└────────────────────────────────────────────┘
? About to apply 41 migration(s)
Your database may not be available to serve requests during the migration, continue?
🤖 Using fallback value in non-interactive context: yes
🌀 Executing on local database conference-engine (021b5626-e4ba-44d2-bbfd-69b99d483efb) from .wrangler/state/v3/d1:
🌀 To execute on your remote database, add a --remote flag to your wrangler command.
🚣 21 commands executed successfully.
┌────────────────────────────────────────────┬────────┐
│ name                                       │ status │
├────────────────────────────────────────────┼────────┤
│ 0001_core.sql                              │ ✅     │
├────────────────────────────────────────────┼────────┤
│ 0002_speaker_tasks.sql                     │ 🕒️    │
├────────────────────────────────────────────┼────────┤
│ 0003_evaluation_email_agenda.sql           │ 🕒️    │
├────────────────────────────────────────────┼────────┤
│ 0004_event_rooms.sql                       │ 🕒️    │
├────────────────────────────────────────────┼────────┤
│ 0005_submission_category.sql               │ 🕒️    │
├────────────────────────────────────────────┼────────┤
│ 0006_reviewers.sql                         │ 🕒️    │
├────────────────────────────────────────────┼────────┤
│ 0007_submission_labels.sql                 │ 🕒️    │
├────────────────────────────────────────────┼────────┤
│ 0008_co_speakers.sql                       │ 🕒️    │
├────────────────────────────────────────────┼────────┤
│ 0009_review_assignments.sql                │ 🕒️    │
├────────────────────────────────────────────┼────────┤
│ 0010_accounts.sql                          │ 🕒️    │
├────────────────────────────────────────────┼────────┤
│ 0011_agenda_slot_room_id.sql               │ 🕒️    │
├────────────────────────────────────────────┼────────┤
│ 0012_production_hardening.sql              │ 🕒️    │
├────────────────────────────────────────────┼────────┤
│ 0013_final_gate_security.sql               │ 🕒️    │
├────────────────────────────────────────────┼────────┤
│ 0014_delivery_claim_hardening.sql          │ 🕒️    │
├────────────────────────────────────────────┼────────┤
│ 0015_product_foundation.sql                │ 🕒️    │
├────────────────────────────────────────────┼────────┤
│ 0016_self_service_configuration.sql        │ 🕒️    │
├────────────────────────────────────────────┼────────┤
│ 0017_cfp_lifecycle.sql                     │ 🕒️    │
├────────────────────────────────────────────┼────────┤
│ 0018_evaluation_workflows.sql              │ 🕒️    │
├────────────────────────────────────────────┼────────┤
│ 0019_communications_portal.sql             │ 🕒️    │
├────────────────────────────────────────────┼────────┤
│ 0020_session_lineage_media.sql             │ 🕒️    │
├────────────────────────────────────────────┼────────┤
│ 0021_session_materialization_claims.sql    │ 🕒️    │
├────────────────────────────────────────────┼────────┤
│ 0022_reviewer_email.sql                    │ 🕒️    │
├────────────────────────────────────────────┼────────┤
│ 0023_airtable_sync_opt_in.sql              │ 🕒️    │
├────────────────────────────────────────────┼────────┤
│ 0024_form_builder_phase3.sql               │ 🕒️    │
├────────────────────────────────────────────┼────────┤
│ 0025_speaker_profile_task_fields.sql       │ 🕒️    │
├────────────────────────────────────────────┼────────┤
│ 0026_speaker_roster.sql                    │ 🕒️    │
├────────────────────────────────────────────┼────────┤
│ 0027_review_assignment_recusal.sql         │ 🕒️    │
├────────────────────────────────────────────┼────────┤
│ 0028_speaker_profile_sync_backfill.sql     │ 🕒️    │
├────────────────────────────────────────────┼────────┤
│ 0029_public_embeds.sql                     │ 🕒️    │
├────────────────────────────────────────────┼────────┤
│ 0030_content_deliverables.sql              │ 🕒️    │
├────────────────────────────────────────────┼────────┤
│ 0031_review_rounds.sql                     │ 🕒️    │
├────────────────────────────────────────────┼────────┤
│ 0032_speaker_operations.sql                │ 🕒️    │
├────────────────────────────────────────────┼────────┤
│ 0033_structured_speaker_tasks.sql          │ 🕒️    │
├────────────────────────────────────────────┼────────┤
│ 0034_portal_resources.sql                  │ 🕒️    │
├────────────────────────────────────────────┼────────┤
│ 0035_accelevents_sync.sql                  │ 🕒️    │
├────────────────────────────────────────────┼────────┤
│ 0036_speaker_crm.sql                       │ 🕒️    │
├────────────────────────────────────────────┼────────┤
│ 0037_speaker_profile_identity_fields.sql   │ 🕒️    │
├────────────────────────────────────────────┼────────┤
│ 0038_organizer_submission_notify_prefs.sql │ 🕒️    │
├────────────────────────────────────────────┼────────┤
│ 0039_accelevents_auto_sync.sql             │ 🕒️    │
├────────────────────────────────────────────┼────────┤
│ 0040_event_api_tokens.sql                  │ 🕒️    │
├────────────────────────────────────────────┼────────┤
│ 0041_public_embed_status.sql               │ 🕒️    │
└────────────────────────────────────────────┴────────┘
🌀 Executing on local database conference-engine (021b5626-e4ba-44d2-bbfd-69b99d483efb) from .wrangler/state/v3/d1:
🌀 To execute on your remote database, add a --remote flag to your wrangler command.
🚣 7 commands executed successfully.
┌────────────────────────────────────────────┬────────┐
│ name                                       │ status │
├────────────────────────────────────────────┼────────┤
│ 0001_core.sql                              │ ✅     │
├────────────────────────────────────────────┼────────┤
│ 0002_speaker_tasks.sql                     │ ✅     │
├────────────────────────────────────────────┼────────┤
│ 0003_evaluation_email_agenda.sql           │ 🕒️    │
├────────────────────────────────────────────┼────────┤
│ 0004_event_rooms.sql                       │ 🕒️    │
├────────────────────────────────────────────┼────────┤
│ 0005_submission_category.sql               │ 🕒️    │
├────────────────────────────────────────────┼────────┤
│ 0006_reviewers.sql                         │ 🕒️    │
├────────────────────────────────────────────┼────────┤
│ 0007_submission_labels.sql                 │ 🕒️    │
├────────────────────────────────────────────┼────────┤
│ 0008_co_speakers.sql                       │ 🕒️    │
├────────────────────────────────────────────┼────────┤
│ 0009_review_assignments.sql                │ 🕒️    │
├────────────────────────────────────────────┼────────┤
│ 0010_accounts.sql                          │ 🕒️    │
├────────────────────────────────────────────┼────────┤
│ 0011_agenda_slot_room_id.sql               │ 🕒️    │
├────────────────────────────────────────────┼────────┤
│ 0012_production_hardening.sql              │ 🕒️    │
├────────────────────────────────────────────┼────────┤
│ 0013_final_gate_security.sql               │ 🕒️    │
├────────────────────────────────────────────┼────────┤
│ 0014_delivery_claim_hardening.sql          │ 🕒️    │
├────────────────────────────────────────────┼────────┤
│ 0015_product_foundation.sql                │ 🕒️    │
├────────────────────────────────────────────┼────────┤
│ 0016_self_service_configuration.sql        │ 🕒️    │
├────────────────────────────────────────────┼────────┤
│ 0017_cfp_lifecycle.sql                     │ 🕒️    │
├────────────────────────────────────────────┼────────┤
│ 0018_evaluation_workflows.sql              │ 🕒️    │
├────────────────────────────────────────────┼────────┤
│ 0019_communications_portal.sql             │ 🕒️    │
├────────────────────────────────────────────┼────────┤
│ 0020_session_lineage_media.sql             │ 🕒️    │
├────────────────────────────────────────────┼────────┤
│ 0021_session_materialization_claims.sql    │ 🕒️    │
├────────────────────────────────────────────┼────────┤
│ 0022_reviewer_email.sql                    │ 🕒️    │
├────────────────────────────────────────────┼────────┤
│ 0023_airtable_sync_opt_in.sql              │ 🕒️    │
├────────────────────────────────────────────┼────────┤
│ 0024_form_builder_phase3.sql               │ 🕒️    │
├────────────────────────────────────────────┼────────┤
│ 0025_speaker_profile_task_fields.sql       │ 🕒️    │
├────────────────────────────────────────────┼────────┤
│ 0026_speaker_roster.sql                    │ 🕒️    │
├────────────────────────────────────────────┼────────┤
│ 0027_review_assignment_recusal.sql         │ 🕒️    │
├────────────────────────────────────────────┼────────┤
│ 0028_speaker_profile_sync_backfill.sql     │ 🕒️    │
├────────────────────────────────────────────┼────────┤
│ 0029_public_embeds.sql                     │ 🕒️    │
├────────────────────────────────────────────┼────────┤
│ 0030_content_deliverables.sql              │ 🕒️    │
├────────────────────────────────────────────┼────────┤
│ 0031_review_rounds.sql                     │ 🕒️    │
├────────────────────────────────────────────┼────────┤
│ 0032_speaker_operations.sql                │ 🕒️    │
├────────────────────────────────────────────┼────────┤
│ 0033_structured_speaker_tasks.sql          │ 🕒️    │
├────────────────────────────────────────────┼────────┤
│ 0034_portal_resources.sql                  │ 🕒️    │
├────────────────────────────────────────────┼────────┤
│ 0035_accelevents_sync.sql                  │ 🕒️    │
├────────────────────────────────────────────┼────────┤
│ 0036_speaker_crm.sql                       │ 🕒️    │
├────────────────────────────────────────────┼────────┤
│ 0037_speaker_profile_identity_fields.sql   │ 🕒️    │
├────────────────────────────────────────────┼────────┤
│ 0038_organizer_submission_notify_prefs.sql │ 🕒️    │
├────────────────────────────────────────────┼────────┤
│ 0039_accelevents_auto_sync.sql             │ 🕒️    │
├────────────────────────────────────────────┼────────┤
│ 0040_event_api_tokens.sql                  │ 🕒️    │
├────────────────────────────────────────────┼────────┤
│ 0041_public_embed_status.sql               │ 🕒️    │
└────────────────────────────────────────────┴────────┘
🌀 Executing on local database conference-engine (021b5626-e4ba-44d2-bbfd-69b99d483efb) from .wrangler/state/v3/d1:
🌀 To execute on your remote database, add a --remote flag to your wrangler command.
🚣 11 commands executed successfully.
┌────────────────────────────────────────────┬────────┐
│ name                                       │ status │
├────────────────────────────────────────────┼────────┤
│ 0001_core.sql                              │ ✅     │
├────────────────────────────────────────────┼────────┤
│ 0002_speaker_tasks.sql                     │ ✅     │
├────────────────────────────────────────────┼────────┤
│ 0003_evaluation_email_agenda.sql           │ ✅     │
├────────────────────────────────────────────┼────────┤
│ 0004_event_rooms.sql                       │ 🕒️    │
├────────────────────────────────────────────┼────────┤
│ 0005_submission_category.sql               │ 🕒️    │
├────────────────────────────────────────────┼────────┤
│ 0006_reviewers.sql                         │ 🕒️    │
├────────────────────────────────────────────┼────────┤
│ 0007_submission_labels.sql                 │ 🕒️    │
├────────────────────────────────────────────┼────────┤
│ 0008_co_speakers.sql                       │ 🕒️    │
├────────────────────────────────────────────┼────────┤
│ 0009_review_assignments.sql                │ 🕒️    │
├────────────────────────────────────────────┼────────┤
│ 0010_accounts.sql                          │ 🕒️    │
├────────────────────────────────────────────┼────────┤
│ 0011_agenda_slot_room_id.sql               │ 🕒️    │
├────────────────────────────────────────────┼────────┤
│ 0012_production_hardening.sql              │ 🕒️    │
├────────────────────────────────────────────┼────────┤
│ 0013_final_gate_security.sql               │ 🕒️    │
├────────────────────────────────────────────┼────────┤
│ 0014_delivery_claim_hardening.sql          │ 🕒️    │
├────────────────────────────────────────────┼────────┤
│ 0015_product_foundation.sql                │ 🕒️    │
├────────────────────────────────────────────┼────────┤
│ 0016_self_service_configuration.sql        │ 🕒️    │
├────────────────────────────────────────────┼────────┤
│ 0017_cfp_lifecycle.sql                     │ 🕒️    │
├────────────────────────────────────────────┼────────┤
│ 0018_evaluation_workflows.sql              │ 🕒️    │
├────────────────────────────────────────────┼────────┤
│ 0019_communications_portal.sql             │ 🕒️    │
├────────────────────────────────────────────┼────────┤
│ 0020_session_lineage_media.sql             │ 🕒️    │
├────────────────────────────────────────────┼────────┤
│ 0021_session_materialization_claims.sql    │ 🕒️    │
├────────────────────────────────────────────┼────────┤
│ 0022_reviewer_email.sql                    │ 🕒️    │
├────────────────────────────────────────────┼────────┤
│ 0023_airtable_sync_opt_in.sql              │ 🕒️    │
├────────────────────────────────────────────┼────────┤
│ 0024_form_builder_phase3.sql               │ 🕒️    │
├────────────────────────────────────────────┼────────┤
│ 0025_speaker_profile_task_fields.sql       │ 🕒️    │
├────────────────────────────────────────────┼────────┤
│ 0026_speaker_roster.sql                    │ 🕒️    │
├────────────────────────────────────────────┼────────┤
│ 0027_review_assignment_recusal.sql         │ 🕒️    │
├────────────────────────────────────────────┼────────┤
│ 0028_speaker_profile_sync_backfill.sql     │ 🕒️    │
├────────────────────────────────────────────┼────────┤
│ 0029_public_embeds.sql                     │ 🕒️    │
├────────────────────────────────────────────┼────────┤
│ 0030_content_deliverables.sql              │ 🕒️    │
├────────────────────────────────────────────┼────────┤
│ 0031_review_rounds.sql                     │ 🕒️    │
├────────────────────────────────────────────┼────────┤
│ 0032_speaker_operations.sql                │ 🕒️    │
├────────────────────────────────────────────┼────────┤
│ 0033_structured_speaker_tasks.sql          │ 🕒️    │
├────────────────────────────────────────────┼────────┤
│ 0034_portal_resources.sql                  │ 🕒️    │
├────────────────────────────────────────────┼────────┤
│ 0035_accelevents_sync.sql                  │ 🕒️    │
├────────────────────────────────────────────┼────────┤
│ 0036_speaker_crm.sql                       │ 🕒️    │
├────────────────────────────────────────────┼────────┤
│ 0037_speaker_profile_identity_fields.sql   │ 🕒️    │
├────────────────────────────────────────────┼────────┤
│ 0038_organizer_submission_notify_prefs.sql │ 🕒️    │
├────────────────────────────────────────────┼────────┤
│ 0039_accelevents_auto_sync.sql             │ 🕒️    │
├────────────────────────────────────────────┼────────┤
│ 0040_event_api_tokens.sql                  │ 🕒️    │
├────────────────────────────────────────────┼────────┤
│ 0041_public_embed_status.sql               │ 🕒️    │
└────────────────────────────────────────────┴────────┘
🌀 Executing on local database conference-engine (021b5626-e4ba-44d2-bbfd-69b99d483efb) from .wrangler/state/v3/d1:
🌀 To execute on your remote database, add a --remote flag to your wrangler command.
🚣 3 commands executed successfully.
┌────────────────────────────────────────────┬────────┐
│ name                                       │ status │
├────────────────────────────────────────────┼────────┤
│ 0001_core.sql                              │ ✅     │
├────────────────────────────────────────────┼────────┤
│ 0002_speaker_tasks.sql                     │ ✅     │
├────────────────────────────────────────────┼────────┤
│ 0003_evaluation_email_agenda.sql           │ ✅     │
├────────────────────────────────────────────┼────────┤
│ 0004_event_rooms.sql                       │ ✅     │
├────────────────────────────────────────────┼────────┤
│ 0005_submission_category.sql               │ 🕒️    │
├────────────────────────────────────────────┼────────┤
│ 0006_reviewers.sql                         │ 🕒️    │
├────────────────────────────────────────────┼────────┤
│ 0007_submission_labels.sql                 │ 🕒️    │
├────────────────────────────────────────────┼────────┤
│ 0008_co_speakers.sql                       │ 🕒️    │
├────────────────────────────────────────────┼────────┤
│ 0009_review_assignments.sql                │ 🕒️    │
├────────────────────────────────────────────┼────────┤
│ 0010_accounts.sql                          │ 🕒️    │
├────────────────────────────────────────────┼────────┤
│ 0011_agenda_slot_room_id.sql               │ 🕒️    │
├────────────────────────────────────────────┼────────┤
│ 0012_production_hardening.sql              │ 🕒️    │
├────────────────────────────────────────────┼────────┤
│ 0013_final_gate_security.sql               │ 🕒️    │
├────────────────────────────────────────────┼────────┤
│ 0014_delivery_claim_hardening.sql          │ 🕒️    │
├────────────────────────────────────────────┼────────┤
│ 0015_product_foundation.sql                │ 🕒️    │
├────────────────────────────────────────────┼────────┤
│ 0016_self_service_configuration.sql        │ 🕒️    │
├────────────────────────────────────────────┼────────┤
│ 0017_cfp_lifecycle.sql                     │ 🕒️    │
├────────────────────────────────────────────┼────────┤
│ 0018_evaluation_workflows.sql              │ 🕒️    │
├────────────────────────────────────────────┼────────┤
│ 0019_communications_portal.sql             │ 🕒️    │
├────────────────────────────────────────────┼────────┤
│ 0020_session_lineage_media.sql             │ 🕒️    │
├────────────────────────────────────────────┼────────┤
│ 0021_session_materialization_claims.sql    │ 🕒️    │
├────────────────────────────────────────────┼────────┤
│ 0022_reviewer_email.sql                    │ 🕒️    │
├────────────────────────────────────────────┼────────┤
│ 0023_airtable_sync_opt_in.sql              │ 🕒️    │
├────────────────────────────────────────────┼────────┤
│ 0024_form_builder_phase3.sql               │ 🕒️    │
├────────────────────────────────────────────┼────────┤
│ 0025_speaker_profile_task_fields.sql       │ 🕒️    │
├────────────────────────────────────────────┼────────┤
│ 0026_speaker_roster.sql                    │ 🕒️    │
├────────────────────────────────────────────┼────────┤
│ 0027_review_assignment_recusal.sql         │ 🕒️    │
├────────────────────────────────────────────┼────────┤
│ 0028_speaker_profile_sync_backfill.sql     │ 🕒️    │
├────────────────────────────────────────────┼────────┤
│ 0029_public_embeds.sql                     │ 🕒️    │
├────────────────────────────────────────────┼────────┤
│ 0030_content_deliverables.sql              │ 🕒️    │
├────────────────────────────────────────────┼────────┤
│ 0031_review_rounds.sql                     │ 🕒️    │
├────────────────────────────────────────────┼────────┤
│ 0032_speaker_operations.sql                │ 🕒️    │
├────────────────────────────────────────────┼────────┤
│ 0033_structured_speaker_tasks.sql          │ 🕒️    │
├────────────────────────────────────────────┼────────┤
│ 0034_portal_resources.sql                  │ 🕒️    │
├────────────────────────────────────────────┼────────┤
│ 0035_accelevents_sync.sql                  │ 🕒️    │
├────────────────────────────────────────────┼────────┤
│ 0036_speaker_crm.sql                       │ 🕒️    │
├────────────────────────────────────────────┼────────┤
│ 0037_speaker_profile_identity_fields.sql   │ 🕒️    │
├────────────────────────────────────────────┼────────┤
│ 0038_organizer_submission_notify_prefs.sql │ 🕒️    │
├────────────────────────────────────────────┼────────┤
│ 0039_accelevents_auto_sync.sql             │ 🕒️    │
├────────────────────────────────────────────┼────────┤
│ 0040_event_api_tokens.sql                  │ 🕒️    │
├────────────────────────────────────────────┼────────┤
│ 0041_public_embed_status.sql               │ 🕒️    │
└────────────────────────────────────────────┴────────┘
🌀 Executing on local database conference-engine (021b5626-e4ba-44d2-bbfd-69b99d483efb) from .wrangler/state/v3/d1:
🌀 To execute on your remote database, add a --remote flag to your wrangler command.
🚣 3 commands executed successfully.
┌────────────────────────────────────────────┬────────┐
│ name                                       │ status │
├────────────────────────────────────────────┼────────┤
│ 0001_core.sql                              │ ✅     │
├────────────────────────────────────────────┼────────┤
│ 0002_speaker_tasks.sql                     │ ✅     │
├────────────────────────────────────────────┼────────┤
│ 0003_evaluation_email_agenda.sql           │ ✅     │
├────────────────────────────────────────────┼────────┤
│ 0004_event_rooms.sql                       │ ✅     │
├────────────────────────────────────────────┼────────┤
│ 0005_submission_category.sql               │ ✅     │
├────────────────────────────────────────────┼────────┤
│ 0006_reviewers.sql                         │ 🕒️    │
├────────────────────────────────────────────┼────────┤
│ 0007_submission_labels.sql                 │ 🕒️    │
├────────────────────────────────────────────┼────────┤
│ 0008_co_speakers.sql                       │ 🕒️    │
├────────────────────────────────────────────┼────────┤
│ 0009_review_assignments.sql                │ 🕒️    │
├────────────────────────────────────────────┼────────┤
│ 0010_accounts.sql                          │ 🕒️    │
├────────────────────────────────────────────┼────────┤
│ 0011_agenda_slot_room_id.sql               │ 🕒️    │
├────────────────────────────────────────────┼────────┤
│ 0012_production_hardening.sql              │ 🕒️    │
├────────────────────────────────────────────┼────────┤
│ 0013_final_gate_security.sql               │ 🕒️    │
├────────────────────────────────────────────┼────────┤
│ 0014_delivery_claim_hardening.sql          │ 🕒️    │
├────────────────────────────────────────────┼────────┤
│ 0015_product_foundation.sql                │ 🕒️    │
├────────────────────────────────────────────┼────────┤
│ 0016_self_service_configuration.sql        │ 🕒️    │
├────────────────────────────────────────────┼────────┤
│ 0017_cfp_lifecycle.sql                     │ 🕒️    │
├────────────────────────────────────────────┼────────┤
│ 0018_evaluation_workflows.sql              │ 🕒️    │
├────────────────────────────────────────────┼────────┤
│ 0019_communications_portal.sql             │ 🕒️    │
├────────────────────────────────────────────┼────────┤
│ 0020_session_lineage_media.sql             │ 🕒️    │
├────────────────────────────────────────────┼────────┤
│ 0021_session_materialization_claims.sql    │ 🕒️    │
├────────────────────────────────────────────┼────────┤
│ 0022_reviewer_email.sql                    │ 🕒️    │
├────────────────────────────────────────────┼────────┤
│ 0023_airtable_sync_opt_in.sql              │ 🕒️    │
├────────────────────────────────────────────┼────────┤
│ 0024_form_builder_phase3.sql               │ 🕒️    │
├────────────────────────────────────────────┼────────┤
│ 0025_speaker_profile_task_fields.sql       │ 🕒️    │
├────────────────────────────────────────────┼────────┤
│ 0026_speaker_roster.sql                    │ 🕒️    │
├────────────────────────────────────────────┼────────┤
│ 0027_review_assignment_recusal.sql         │ 🕒️    │
├────────────────────────────────────────────┼────────┤
│ 0028_speaker_profile_sync_backfill.sql     │ 🕒️    │
├────────────────────────────────────────────┼────────┤
│ 0029_public_embeds.sql                     │ 🕒️    │
├────────────────────────────────────────────┼────────┤
│ 0030_content_deliverables.sql              │ 🕒️    │
├────────────────────────────────────────────┼────────┤
│ 0031_review_rounds.sql                     │ 🕒️    │
├────────────────────────────────────────────┼────────┤
│ 0032_speaker_operations.sql                │ 🕒️    │
├────────────────────────────────────────────┼────────┤
│ 0033_structured_speaker_tasks.sql          │ 🕒️    │
├────────────────────────────────────────────┼────────┤
│ 0034_portal_resources.sql                  │ 🕒️    │
├────────────────────────────────────────────┼────────┤
│ 0035_accelevents_sync.sql                  │ 🕒️    │
├────────────────────────────────────────────┼────────┤
│ 0036_speaker_crm.sql                       │ 🕒️    │
├────────────────────────────────────────────┼────────┤
│ 0037_speaker_profile_identity_fields.sql   │ 🕒️    │
├────────────────────────────────────────────┼────────┤
│ 0038_organizer_submission_notify_prefs.sql │ 🕒️    │
├────────────────────────────────────────────┼────────┤
│ 0039_accelevents_auto_sync.sql             │ 🕒️    │
├────────────────────────────────────────────┼────────┤
│ 0040_event_api_tokens.sql                  │ 🕒️    │
├────────────────────────────────────────────┼────────┤
│ 0041_public_embed_status.sql               │ 🕒️    │
└────────────────────────────────────────────┴────────┘
🌀 Executing on local database conference-engine (021b5626-e4ba-44d2-bbfd-69b99d483efb) from .wrangler/state/v3/d1:
🌀 To execute on your remote database, add a --remote flag to your wrangler command.
🚣 6 commands executed successfully.
┌────────────────────────────────────────────┬────────┐
│ name                                       │ status │
├────────────────────────────────────────────┼────────┤
│ 0001_core.sql                              │ ✅     │
├────────────────────────────────────────────┼────────┤
│ 0002_speaker_tasks.sql                     │ ✅     │
├────────────────────────────────────────────┼────────┤
│ 0003_evaluation_email_agenda.sql           │ ✅     │
├────────────────────────────────────────────┼────────┤
│ 0004_event_rooms.sql                       │ ✅     │
├────────────────────────────────────────────┼────────┤
│ 0005_submission_category.sql               │ ✅     │
├────────────────────────────────────────────┼────────┤
│ 0006_reviewers.sql                         │ ✅     │
├────────────────────────────────────────────┼────────┤
│ 0007_submission_labels.sql                 │ 🕒️    │
├────────────────────────────────────────────┼────────┤
│ 0008_co_speakers.sql                       │ 🕒️    │
├────────────────────────────────────────────┼────────┤
│ 0009_review_assignments.sql                │ 🕒️    │
├────────────────────────────────────────────┼────────┤
│ 0010_accounts.sql                          │ 🕒️    │
├────────────────────────────────────────────┼────────┤
│ 0011_agenda_slot_room_id.sql               │ 🕒️    │
├────────────────────────────────────────────┼────────┤
│ 0012_production_hardening.sql              │ 🕒️    │
├────────────────────────────────────────────┼────────┤
│ 0013_final_gate_security.sql               │ 🕒️    │
├────────────────────────────────────────────┼────────┤
│ 0014_delivery_claim_hardening.sql          │ 🕒️    │
├────────────────────────────────────────────┼────────┤
│ 0015_product_foundation.sql                │ 🕒️    │
├────────────────────────────────────────────┼────────┤
│ 0016_self_service_configuration.sql        │ 🕒️    │
├────────────────────────────────────────────┼────────┤
│ 0017_cfp_lifecycle.sql                     │ 🕒️    │
├────────────────────────────────────────────┼────────┤
│ 0018_evaluation_workflows.sql              │ 🕒️    │
├────────────────────────────────────────────┼────────┤
│ 0019_communications_portal.sql             │ 🕒️    │
├────────────────────────────────────────────┼────────┤
│ 0020_session_lineage_media.sql             │ 🕒️    │
├────────────────────────────────────────────┼────────┤
│ 0021_session_materialization_claims.sql    │ 🕒️    │
├────────────────────────────────────────────┼────────┤
│ 0022_reviewer_email.sql                    │ 🕒️    │
├────────────────────────────────────────────┼────────┤
│ 0023_airtable_sync_opt_in.sql              │ 🕒️    │
├────────────────────────────────────────────┼────────┤
│ 0024_form_builder_phase3.sql               │ 🕒️    │
├────────────────────────────────────────────┼────────┤
│ 0025_speaker_profile_task_fields.sql       │ 🕒️    │
├────────────────────────────────────────────┼────────┤
│ 0026_speaker_roster.sql                    │ 🕒️    │
├────────────────────────────────────────────┼────────┤
│ 0027_review_assignment_recusal.sql         │ 🕒️    │
├────────────────────────────────────────────┼────────┤
│ 0028_speaker_profile_sync_backfill.sql     │ 🕒️    │
├────────────────────────────────────────────┼────────┤
│ 0029_public_embeds.sql                     │ 🕒️    │
├────────────────────────────────────────────┼────────┤
│ 0030_content_deliverables.sql              │ 🕒️    │
├────────────────────────────────────────────┼────────┤
│ 0031_review_rounds.sql                     │ 🕒️    │
├────────────────────────────────────────────┼────────┤
│ 0032_speaker_operations.sql                │ 🕒️    │
├────────────────────────────────────────────┼────────┤
│ 0033_structured_speaker_tasks.sql          │ 🕒️    │
├────────────────────────────────────────────┼────────┤
│ 0034_portal_resources.sql                  │ 🕒️    │
├────────────────────────────────────────────┼────────┤
│ 0035_accelevents_sync.sql                  │ 🕒️    │
├────────────────────────────────────────────┼────────┤
│ 0036_speaker_crm.sql                       │ 🕒️    │
├────────────────────────────────────────────┼────────┤
│ 0037_speaker_profile_identity_fields.sql   │ 🕒️    │
├────────────────────────────────────────────┼────────┤
│ 0038_organizer_submission_notify_prefs.sql │ 🕒️    │
├────────────────────────────────────────────┼────────┤
│ 0039_accelevents_auto_sync.sql             │ 🕒️    │
├────────────────────────────────────────────┼────────┤
│ 0040_event_api_tokens.sql                  │ 🕒️    │
├────────────────────────────────────────────┼────────┤
│ 0041_public_embed_status.sql               │ 🕒️    │
└────────────────────────────────────────────┴────────┘
🌀 Executing on local database conference-engine (021b5626-e4ba-44d2-bbfd-69b99d483efb) from .wrangler/state/v3/d1:
🌀 To execute on your remote database, add a --remote flag to your wrangler command.
🚣 4 commands executed successfully.
┌────────────────────────────────────────────┬────────┐
│ name                                       │ status │
├────────────────────────────────────────────┼────────┤
│ 0001_core.sql                              │ ✅     │
├────────────────────────────────────────────┼────────┤
│ 0002_speaker_tasks.sql                     │ ✅     │
├────────────────────────────────────────────┼────────┤
│ 0003_evaluation_email_agenda.sql           │ ✅     │
├────────────────────────────────────────────┼────────┤
│ 0004_event_rooms.sql                       │ ✅     │
├────────────────────────────────────────────┼────────┤
│ 0005_submission_category.sql               │ ✅     │
├────────────────────────────────────────────┼────────┤
│ 0006_reviewers.sql                         │ ✅     │
├────────────────────────────────────────────┼────────┤
│ 0007_submission_labels.sql                 │ ✅     │
├────────────────────────────────────────────┼────────┤
│ 0008_co_speakers.sql                       │ 🕒️    │
├────────────────────────────────────────────┼────────┤
│ 0009_review_assignments.sql                │ 🕒️    │
├────────────────────────────────────────────┼────────┤
│ 0010_accounts.sql                          │ 🕒️    │
├────────────────────────────────────────────┼────────┤
│ 0011_agenda_slot_room_id.sql               │ 🕒️    │
├────────────────────────────────────────────┼────────┤
│ 0012_production_hardening.sql              │ 🕒️    │
├────────────────────────────────────────────┼────────┤
│ 0013_final_gate_security.sql               │ 🕒️    │
├────────────────────────────────────────────┼────────┤
│ 0014_delivery_claim_hardening.sql          │ 🕒️    │
├────────────────────────────────────────────┼────────┤
│ 0015_product_foundation.sql                │ 🕒️    │
├────────────────────────────────────────────┼────────┤
│ 0016_self_service_configuration.sql        │ 🕒️    │
├────────────────────────────────────────────┼────────┤
│ 0017_cfp_lifecycle.sql                     │ 🕒️    │
├────────────────────────────────────────────┼────────┤
│ 0018_evaluation_workflows.sql              │ 🕒️    │
├────────────────────────────────────────────┼────────┤
│ 0019_communications_portal.sql             │ 🕒️    │
├────────────────────────────────────────────┼────────┤
│ 0020_session_lineage_media.sql             │ 🕒️    │
├────────────────────────────────────────────┼────────┤
│ 0021_session_materialization_claims.sql    │ 🕒️    │
├────────────────────────────────────────────┼────────┤
│ 0022_reviewer_email.sql                    │ 🕒️    │
├────────────────────────────────────────────┼────────┤
│ 0023_airtable_sync_opt_in.sql              │ 🕒️    │
├────────────────────────────────────────────┼────────┤
│ 0024_form_builder_phase3.sql               │ 🕒️    │
├────────────────────────────────────────────┼────────┤
│ 0025_speaker_profile_task_fields.sql       │ 🕒️    │
├────────────────────────────────────────────┼────────┤
│ 0026_speaker_roster.sql                    │ 🕒️    │
├────────────────────────────────────────────┼────────┤
│ 0027_review_assignment_recusal.sql         │ 🕒️    │
├────────────────────────────────────────────┼────────┤
│ 0028_speaker_profile_sync_backfill.sql     │ 🕒️    │
├────────────────────────────────────────────┼────────┤
│ 0029_public_embeds.sql                     │ 🕒️    │
├────────────────────────────────────────────┼────────┤
│ 0030_content_deliverables.sql              │ 🕒️    │
├────────────────────────────────────────────┼────────┤
│ 0031_review_rounds.sql                     │ 🕒️    │
├────────────────────────────────────────────┼────────┤
│ 0032_speaker_operations.sql                │ 🕒️    │
├────────────────────────────────────────────┼────────┤
│ 0033_structured_speaker_tasks.sql          │ 🕒️    │
├────────────────────────────────────────────┼────────┤
│ 0034_portal_resources.sql                  │ 🕒️    │
├────────────────────────────────────────────┼────────┤
│ 0035_accelevents_sync.sql                  │ 🕒️    │
├────────────────────────────────────────────┼────────┤
│ 0036_speaker_crm.sql                       │ 🕒️    │
├────────────────────────────────────────────┼────────┤
│ 0037_speaker_profile_identity_fields.sql   │ 🕒️    │
├────────────────────────────────────────────┼────────┤
│ 0038_organizer_submission_notify_prefs.sql │ 🕒️    │
├────────────────────────────────────────────┼────────┤
│ 0039_accelevents_auto_sync.sql             │ 🕒️    │
├────────────────────────────────────────────┼────────┤
│ 0040_event_api_tokens.sql                  │ 🕒️    │
├────────────────────────────────────────────┼────────┤
│ 0041_public_embed_status.sql               │ 🕒️    │
└────────────────────────────────────────────┴────────┘
🌀 Executing on local database conference-engine (021b5626-e4ba-44d2-bbfd-69b99d483efb) from .wrangler/state/v3/d1:
🌀 To execute on your remote database, add a --remote flag to your wrangler command.
🚣 8 commands executed successfully.
┌────────────────────────────────────────────┬────────┐
│ name                                       │ status │
├────────────────────────────────────────────┼────────┤
│ 0001_core.sql                              │ ✅     │
├────────────────────────────────────────────┼────────┤
│ 0002_speaker_tasks.sql                     │ ✅     │
├────────────────────────────────────────────┼────────┤
│ 0003_evaluation_email_agenda.sql           │ ✅     │
├────────────────────────────────────────────┼────────┤
│ 0004_event_rooms.sql                       │ ✅     │
├────────────────────────────────────────────┼────────┤
│ 0005_submission_category.sql               │ ✅     │
├────────────────────────────────────────────┼────────┤
│ 0006_reviewers.sql                         │ ✅     │
├────────────────────────────────────────────┼────────┤
│ 0007_submission_labels.sql                 │ ✅     │
├────────────────────────────────────────────┼────────┤
│ 0008_co_speakers.sql                       │ ✅     │
├────────────────────────────────────────────┼────────┤
│ 0009_review_assignments.sql                │ 🕒️    │
├────────────────────────────────────────────┼────────┤
│ 0010_accounts.sql                          │ 🕒️    │
├────────────────────────────────────────────┼────────┤
│ 0011_agenda_slot_room_id.sql               │ 🕒️    │
├────────────────────────────────────────────┼────────┤
│ 0012_production_hardening.sql              │ 🕒️    │
├────────────────────────────────────────────┼────────┤
│ 0013_final_gate_security.sql               │ 🕒️    │
├────────────────────────────────────────────┼────────┤
│ 0014_delivery_claim_hardening.sql          │ 🕒️    │
├────────────────────────────────────────────┼────────┤
│ 0015_product_foundation.sql                │ 🕒️    │
├────────────────────────────────────────────┼────────┤
│ 0016_self_service_configuration.sql        │ 🕒️    │
├────────────────────────────────────────────┼────────┤
│ 0017_cfp_lifecycle.sql                     │ 🕒️    │
├────────────────────────────────────────────┼────────┤
│ 0018_evaluation_workflows.sql              │ 🕒️    │
├────────────────────────────────────────────┼────────┤
│ 0019_communications_portal.sql             │ 🕒️    │
├────────────────────────────────────────────┼────────┤
│ 0020_session_lineage_media.sql             │ 🕒️    │
├────────────────────────────────────────────┼────────┤
│ 0021_session_materialization_claims.sql    │ 🕒️    │
├────────────────────────────────────────────┼────────┤
│ 0022_reviewer_email.sql                    │ 🕒️    │
├────────────────────────────────────────────┼────────┤
│ 0023_airtable_sync_opt_in.sql              │ 🕒️    │
├────────────────────────────────────────────┼────────┤
│ 0024_form_builder_phase3.sql               │ 🕒️    │
├────────────────────────────────────────────┼────────┤
│ 0025_speaker_profile_task_fields.sql       │ 🕒️    │
├────────────────────────────────────────────┼────────┤
│ 0026_speaker_roster.sql                    │ 🕒️    │
├────────────────────────────────────────────┼────────┤
│ 0027_review_assignment_recusal.sql         │ 🕒️    │
├────────────────────────────────────────────┼────────┤
│ 0028_speaker_profile_sync_backfill.sql     │ 🕒️    │
├────────────────────────────────────────────┼────────┤
│ 0029_public_embeds.sql                     │ 🕒️    │
├────────────────────────────────────────────┼────────┤
│ 0030_content_deliverables.sql              │ 🕒️    │
├────────────────────────────────────────────┼────────┤
│ 0031_review_rounds.sql                     │ 🕒️    │
├────────────────────────────────────────────┼────────┤
│ 0032_speaker_operations.sql                │ 🕒️    │
├────────────────────────────────────────────┼────────┤
│ 0033_structured_speaker_tasks.sql          │ 🕒️    │
├────────────────────────────────────────────┼────────┤
│ 0034_portal_resources.sql                  │ 🕒️    │
├────────────────────────────────────────────┼────────┤
│ 0035_accelevents_sync.sql                  │ 🕒️    │
├────────────────────────────────────────────┼────────┤
│ 0036_speaker_crm.sql                       │ 🕒️    │
├────────────────────────────────────────────┼────────┤
│ 0037_speaker_profile_identity_fields.sql   │ 🕒️    │
├────────────────────────────────────────────┼────────┤
│ 0038_organizer_submission_notify_prefs.sql │ 🕒️    │
├────────────────────────────────────────────┼────────┤
│ 0039_accelevents_auto_sync.sql             │ 🕒️    │
├────────────────────────────────────────────┼────────┤
│ 0040_event_api_tokens.sql                  │ 🕒️    │
├────────────────────────────────────────────┼────────┤
│ 0041_public_embed_status.sql               │ 🕒️    │
└────────────────────────────────────────────┴────────┘
🌀 Executing on local database conference-engine (021b5626-e4ba-44d2-bbfd-69b99d483efb) from .wrangler/state/v3/d1:
🌀 To execute on your remote database, add a --remote flag to your wrangler command.
🚣 4 commands executed successfully.
┌────────────────────────────────────────────┬────────┐
│ name                                       │ status │
├────────────────────────────────────────────┼────────┤
│ 0001_core.sql                              │ ✅     │
├────────────────────────────────────────────┼────────┤
│ 0002_speaker_tasks.sql                     │ ✅     │
├────────────────────────────────────────────┼────────┤
│ 0003_evaluation_email_agenda.sql           │ ✅     │
├────────────────────────────────────────────┼────────┤
│ 0004_event_rooms.sql                       │ ✅     │
├────────────────────────────────────────────┼────────┤
│ 0005_submission_category.sql               │ ✅     │
├────────────────────────────────────────────┼────────┤
│ 0006_reviewers.sql                         │ ✅     │
├────────────────────────────────────────────┼────────┤
│ 0007_submission_labels.sql                 │ ✅     │
├────────────────────────────────────────────┼────────┤
│ 0008_co_speakers.sql                       │ ✅     │
├────────────────────────────────────────────┼────────┤
│ 0009_review_assignments.sql                │ ✅     │
├────────────────────────────────────────────┼────────┤
│ 0010_accounts.sql                          │ 🕒️    │
├────────────────────────────────────────────┼────────┤
│ 0011_agenda_slot_room_id.sql               │ 🕒️    │
├────────────────────────────────────────────┼────────┤
│ 0012_production_hardening.sql              │ 🕒️    │
├────────────────────────────────────────────┼────────┤
│ 0013_final_gate_security.sql               │ 🕒️    │
├────────────────────────────────────────────┼────────┤
│ 0014_delivery_claim_hardening.sql          │ 🕒️    │
├────────────────────────────────────────────┼────────┤
│ 0015_product_foundation.sql                │ 🕒️    │
├────────────────────────────────────────────┼────────┤
│ 0016_self_service_configuration.sql        │ 🕒️    │
├────────────────────────────────────────────┼────────┤
│ 0017_cfp_lifecycle.sql                     │ 🕒️    │
├────────────────────────────────────────────┼────────┤
│ 0018_evaluation_workflows.sql              │ 🕒️    │
├────────────────────────────────────────────┼────────┤
│ 0019_communications_portal.sql             │ 🕒️    │
├────────────────────────────────────────────┼────────┤
│ 0020_session_lineage_media.sql             │ 🕒️    │
├────────────────────────────────────────────┼────────┤
│ 0021_session_materialization_claims.sql    │ 🕒️    │
├────────────────────────────────────────────┼────────┤
│ 0022_reviewer_email.sql                    │ 🕒️    │
├────────────────────────────────────────────┼────────┤
│ 0023_airtable_sync_opt_in.sql              │ 🕒️    │
├────────────────────────────────────────────┼────────┤
│ 0024_form_builder_phase3.sql               │ 🕒️    │
├────────────────────────────────────────────┼────────┤
│ 0025_speaker_profile_task_fields.sql       │ 🕒️    │
├────────────────────────────────────────────┼────────┤
│ 0026_speaker_roster.sql                    │ 🕒️    │
├────────────────────────────────────────────┼────────┤
│ 0027_review_assignment_recusal.sql         │ 🕒️    │
├────────────────────────────────────────────┼────────┤
│ 0028_speaker_profile_sync_backfill.sql     │ 🕒️    │
├────────────────────────────────────────────┼────────┤
│ 0029_public_embeds.sql                     │ 🕒️    │
├────────────────────────────────────────────┼────────┤
│ 0030_content_deliverables.sql              │ 🕒️    │
├────────────────────────────────────────────┼────────┤
│ 0031_review_rounds.sql                     │ 🕒️    │
├────────────────────────────────────────────┼────────┤
│ 0032_speaker_operations.sql                │ 🕒️    │
├────────────────────────────────────────────┼────────┤
│ 0033_structured_speaker_tasks.sql          │ 🕒️    │
├────────────────────────────────────────────┼────────┤
│ 0034_portal_resources.sql                  │ 🕒️    │
├────────────────────────────────────────────┼────────┤
│ 0035_accelevents_sync.sql                  │ 🕒️    │
├────────────────────────────────────────────┼────────┤
│ 0036_speaker_crm.sql                       │ 🕒️    │
├────────────────────────────────────────────┼────────┤
│ 0037_speaker_profile_identity_fields.sql   │ 🕒️    │
├────────────────────────────────────────────┼────────┤
│ 0038_organizer_submission_notify_prefs.sql │ 🕒️    │
├────────────────────────────────────────────┼────────┤
│ 0039_accelevents_auto_sync.sql             │ 🕒️    │
├────────────────────────────────────────────┼────────┤
│ 0040_event_api_tokens.sql                  │ 🕒️    │
├────────────────────────────────────────────┼────────┤
│ 0041_public_embed_status.sql               │ 🕒️    │
└────────────────────────────────────────────┴────────┘
🌀 Executing on local database conference-engine (021b5626-e4ba-44d2-bbfd-69b99d483efb) from .wrangler/state/v3/d1:
🌀 To execute on your remote database, add a --remote flag to your wrangler command.
🚣 6 commands executed successfully.
┌────────────────────────────────────────────┬────────┐
│ name                                       │ status │
├────────────────────────────────────────────┼────────┤
│ 0001_core.sql                              │ ✅     │
├────────────────────────────────────────────┼────────┤
│ 0002_speaker_tasks.sql                     │ ✅     │
├────────────────────────────────────────────┼────────┤
│ 0003_evaluation_email_agenda.sql           │ ✅     │
├────────────────────────────────────────────┼────────┤
│ 0004_event_rooms.sql                       │ ✅     │
├────────────────────────────────────────────┼────────┤
│ 0005_submission_category.sql               │ ✅     │
├────────────────────────────────────────────┼────────┤
│ 0006_reviewers.sql                         │ ✅     │
├────────────────────────────────────────────┼────────┤
│ 0007_submission_labels.sql                 │ ✅     │
├────────────────────────────────────────────┼────────┤
│ 0008_co_speakers.sql                       │ ✅     │
├────────────────────────────────────────────┼────────┤
│ 0009_review_assignments.sql                │ ✅     │
├────────────────────────────────────────────┼────────┤
│ 0010_accounts.sql                          │ ✅     │
├────────────────────────────────────────────┼────────┤
│ 0011_agenda_slot_room_id.sql               │ 🕒️    │
├────────────────────────────────────────────┼────────┤
│ 0012_production_hardening.sql              │ 🕒️    │
├────────────────────────────────────────────┼────────┤
│ 0013_final_gate_security.sql               │ 🕒️    │
├────────────────────────────────────────────┼────────┤
│ 0014_delivery_claim_hardening.sql          │ 🕒️    │
├────────────────────────────────────────────┼────────┤
│ 0015_product_foundation.sql                │ 🕒️    │
├────────────────────────────────────────────┼────────┤
│ 0016_self_service_configuration.sql        │ 🕒️    │
├────────────────────────────────────────────┼────────┤
│ 0017_cfp_lifecycle.sql                     │ 🕒️    │
├────────────────────────────────────────────┼────────┤
│ 0018_evaluation_workflows.sql              │ 🕒️    │
├────────────────────────────────────────────┼────────┤
│ 0019_communications_portal.sql             │ 🕒️    │
├────────────────────────────────────────────┼────────┤
│ 0020_session_lineage_media.sql             │ 🕒️    │
├────────────────────────────────────────────┼────────┤
│ 0021_session_materialization_claims.sql    │ 🕒️    │
├────────────────────────────────────────────┼────────┤
│ 0022_reviewer_email.sql                    │ 🕒️    │
├────────────────────────────────────────────┼────────┤
│ 0023_airtable_sync_opt_in.sql              │ 🕒️    │
├────────────────────────────────────────────┼────────┤
│ 0024_form_builder_phase3.sql               │ 🕒️    │
├────────────────────────────────────────────┼────────┤
│ 0025_speaker_profile_task_fields.sql       │ 🕒️    │
├────────────────────────────────────────────┼────────┤
│ 0026_speaker_roster.sql                    │ 🕒️    │
├────────────────────────────────────────────┼────────┤
│ 0027_review_assignment_recusal.sql         │ 🕒️    │
├────────────────────────────────────────────┼────────┤
│ 0028_speaker_profile_sync_backfill.sql     │ 🕒️    │
├────────────────────────────────────────────┼────────┤
│ 0029_public_embeds.sql                     │ 🕒️    │
├────────────────────────────────────────────┼────────┤
│ 0030_content_deliverables.sql              │ 🕒️    │
├────────────────────────────────────────────┼────────┤
│ 0031_review_rounds.sql                     │ 🕒️    │
├────────────────────────────────────────────┼────────┤
│ 0032_speaker_operations.sql                │ 🕒️    │
├────────────────────────────────────────────┼────────┤
│ 0033_structured_speaker_tasks.sql          │ 🕒️    │
├────────────────────────────────────────────┼────────┤
│ 0034_portal_resources.sql                  │ 🕒️    │
├────────────────────────────────────────────┼────────┤
│ 0035_accelevents_sync.sql                  │ 🕒️    │
├────────────────────────────────────────────┼────────┤
│ 0036_speaker_crm.sql                       │ 🕒️    │
├────────────────────────────────────────────┼────────┤
│ 0037_speaker_profile_identity_fields.sql   │ 🕒️    │
├────────────────────────────────────────────┼────────┤
│ 0038_organizer_submission_notify_prefs.sql │ 🕒️    │
├────────────────────────────────────────────┼────────┤
│ 0039_accelevents_auto_sync.sql             │ 🕒️    │
├────────────────────────────────────────────┼────────┤
│ 0040_event_api_tokens.sql                  │ 🕒️    │
├────────────────────────────────────────────┼────────┤
│ 0041_public_embed_status.sql               │ 🕒️    │
└────────────────────────────────────────────┴────────┘
🌀 Executing on local database conference-engine (021b5626-e4ba-44d2-bbfd-69b99d483efb) from .wrangler/state/v3/d1:
🌀 To execute on your remote database, add a --remote flag to your wrangler command.
🚣 4 commands executed successfully.
┌────────────────────────────────────────────┬────────┐
│ name                                       │ status │
├────────────────────────────────────────────┼────────┤
│ 0001_core.sql                              │ ✅     │
├────────────────────────────────────────────┼────────┤
│ 0002_speaker_tasks.sql                     │ ✅     │
├────────────────────────────────────────────┼────────┤
│ 0003_evaluation_email_agenda.sql           │ ✅     │
├────────────────────────────────────────────┼────────┤
│ 0004_event_rooms.sql                       │ ✅     │
├────────────────────────────────────────────┼────────┤
│ 0005_submission_category.sql               │ ✅     │
├────────────────────────────────────────────┼────────┤
│ 0006_reviewers.sql                         │ ✅     │
├────────────────────────────────────────────┼────────┤
│ 0007_submission_labels.sql                 │ ✅     │
├────────────────────────────────────────────┼────────┤
│ 0008_co_speakers.sql                       │ ✅     │
├────────────────────────────────────────────┼────────┤
│ 0009_review_assignments.sql                │ ✅     │
├────────────────────────────────────────────┼────────┤
│ 0010_accounts.sql                          │ ✅     │
├────────────────────────────────────────────┼────────┤
│ 0011_agenda_slot_room_id.sql               │ ✅     │
├────────────────────────────────────────────┼────────┤
│ 0012_production_hardening.sql              │ 🕒️    │
├────────────────────────────────────────────┼────────┤
│ 0013_final_gate_security.sql               │ 🕒️    │
├────────────────────────────────────────────┼────────┤
│ 0014_delivery_claim_hardening.sql          │ 🕒️    │
├────────────────────────────────────────────┼────────┤
│ 0015_product_foundation.sql                │ 🕒️    │
├────────────────────────────────────────────┼────────┤
│ 0016_self_service_configuration.sql        │ 🕒️    │
├────────────────────────────────────────────┼────────┤
│ 0017_cfp_lifecycle.sql                     │ 🕒️    │
├────────────────────────────────────────────┼────────┤
│ 0018_evaluation_workflows.sql              │ 🕒️    │
├────────────────────────────────────────────┼────────┤
│ 0019_communications_portal.sql             │ 🕒️    │
├────────────────────────────────────────────┼────────┤
│ 0020_session_lineage_media.sql             │ 🕒️    │
├────────────────────────────────────────────┼────────┤
│ 0021_session_materialization_claims.sql    │ 🕒️    │
├────────────────────────────────────────────┼────────┤
│ 0022_reviewer_email.sql                    │ 🕒️    │
├────────────────────────────────────────────┼────────┤
│ 0023_airtable_sync_opt_in.sql              │ 🕒️    │
├────────────────────────────────────────────┼────────┤
│ 0024_form_builder_phase3.sql               │ 🕒️    │
├────────────────────────────────────────────┼────────┤
│ 0025_speaker_profile_task_fields.sql       │ 🕒️    │
├────────────────────────────────────────────┼────────┤
│ 0026_speaker_roster.sql                    │ 🕒️    │
├────────────────────────────────────────────┼────────┤
│ 0027_review_assignment_recusal.sql         │ 🕒️    │
├────────────────────────────────────────────┼────────┤
│ 0028_speaker_profile_sync_backfill.sql     │ 🕒️    │
├────────────────────────────────────────────┼────────┤
│ 0029_public_embeds.sql                     │ 🕒️    │
├────────────────────────────────────────────┼────────┤
│ 0030_content_deliverables.sql              │ 🕒️    │
├────────────────────────────────────────────┼────────┤
│ 0031_review_rounds.sql                     │ 🕒️    │
├────────────────────────────────────────────┼────────┤
│ 0032_speaker_operations.sql                │ 🕒️    │
├────────────────────────────────────────────┼────────┤
│ 0033_structured_speaker_tasks.sql          │ 🕒️    │
├────────────────────────────────────────────┼────────┤
│ 0034_portal_resources.sql                  │ 🕒️    │
├────────────────────────────────────────────┼────────┤
│ 0035_accelevents_sync.sql                  │ 🕒️    │
├────────────────────────────────────────────┼────────┤
│ 0036_speaker_crm.sql                       │ 🕒️    │
├────────────────────────────────────────────┼────────┤
│ 0037_speaker_profile_identity_fields.sql   │ 🕒️    │
├────────────────────────────────────────────┼────────┤
│ 0038_organizer_submission_notify_prefs.sql │ 🕒️    │
├────────────────────────────────────────────┼────────┤
│ 0039_accelevents_auto_sync.sql             │ 🕒️    │
├────────────────────────────────────────────┼────────┤
│ 0040_event_api_tokens.sql                  │ 🕒️    │
├────────────────────────────────────────────┼────────┤
│ 0041_public_embed_status.sql               │ 🕒️    │
└────────────────────────────────────────────┴────────┘
🌀 Executing on local database conference-engine (021b5626-e4ba-44d2-bbfd-69b99d483efb) from .wrangler/state/v3/d1:
🌀 To execute on your remote database, add a --remote flag to your wrangler command.
🚣 34 commands executed successfully.
┌────────────────────────────────────────────┬────────┐
│ name                                       │ status │
├────────────────────────────────────────────┼────────┤
│ 0001_core.sql                              │ ✅     │
├────────────────────────────────────────────┼────────┤
│ 0002_speaker_tasks.sql                     │ ✅     │
├────────────────────────────────────────────┼────────┤
│ 0003_evaluation_email_agenda.sql           │ ✅     │
├────────────────────────────────────────────┼────────┤
│ 0004_event_rooms.sql                       │ ✅     │
├────────────────────────────────────────────┼────────┤
│ 0005_submission_category.sql               │ ✅     │
├────────────────────────────────────────────┼────────┤
│ 0006_reviewers.sql                         │ ✅     │
├────────────────────────────────────────────┼────────┤
│ 0007_submission_labels.sql                 │ ✅     │
├────────────────────────────────────────────┼────────┤
│ 0008_co_speakers.sql                       │ ✅     │
├────────────────────────────────────────────┼────────┤
│ 0009_review_assignments.sql                │ ✅     │
├────────────────────────────────────────────┼────────┤
│ 0010_accounts.sql                          │ ✅     │
├────────────────────────────────────────────┼────────┤
│ 0011_agenda_slot_room_id.sql               │ ✅     │
├────────────────────────────────────────────┼────────┤
│ 0012_production_hardening.sql              │ ✅     │
├────────────────────────────────────────────┼────────┤
│ 0013_final_gate_security.sql               │ 🕒️    │
├────────────────────────────────────────────┼────────┤
│ 0014_delivery_claim_hardening.sql          │ 🕒️    │
├────────────────────────────────────────────┼────────┤
│ 0015_product_foundation.sql                │ 🕒️    │
├────────────────────────────────────────────┼────────┤
│ 0016_self_service_configuration.sql        │ 🕒️    │
├────────────────────────────────────────────┼────────┤
│ 0017_cfp_lifecycle.sql                     │ 🕒️    │
├────────────────────────────────────────────┼────────┤
│ 0018_evaluation_workflows.sql              │ 🕒️    │
├────────────────────────────────────────────┼────────┤
│ 0019_communications_portal.sql             │ 🕒️    │
├────────────────────────────────────────────┼────────┤
│ 0020_session_lineage_media.sql             │ 🕒️    │
├────────────────────────────────────────────┼────────┤
│ 0021_session_materialization_claims.sql    │ 🕒️    │
├────────────────────────────────────────────┼────────┤
│ 0022_reviewer_email.sql                    │ 🕒️    │
├────────────────────────────────────────────┼────────┤
│ 0023_airtable_sync_opt_in.sql              │ 🕒️    │
├────────────────────────────────────────────┼────────┤
│ 0024_form_builder_phase3.sql               │ 🕒️    │
├────────────────────────────────────────────┼────────┤
│ 0025_speaker_profile_task_fields.sql       │ 🕒️    │
├────────────────────────────────────────────┼────────┤
│ 0026_speaker_roster.sql                    │ 🕒️    │
├────────────────────────────────────────────┼────────┤
│ 0027_review_assignment_recusal.sql         │ 🕒️    │
├────────────────────────────────────────────┼────────┤
│ 0028_speaker_profile_sync_backfill.sql     │ 🕒️    │
├────────────────────────────────────────────┼────────┤
│ 0029_public_embeds.sql                     │ 🕒️    │
├────────────────────────────────────────────┼────────┤
│ 0030_content_deliverables.sql              │ 🕒️    │
├────────────────────────────────────────────┼────────┤
│ 0031_review_rounds.sql                     │ 🕒️    │
├────────────────────────────────────────────┼────────┤
│ 0032_speaker_operations.sql                │ 🕒️    │
├────────────────────────────────────────────┼────────┤
│ 0033_structured_speaker_tasks.sql          │ 🕒️    │
├────────────────────────────────────────────┼────────┤
│ 0034_portal_resources.sql                  │ 🕒️    │
├────────────────────────────────────────────┼────────┤
│ 0035_accelevents_sync.sql                  │ 🕒️    │
├────────────────────────────────────────────┼────────┤
│ 0036_speaker_crm.sql                       │ 🕒️    │
├────────────────────────────────────────────┼────────┤
│ 0037_speaker_profile_identity_fields.sql   │ 🕒️    │
├────────────────────────────────────────────┼────────┤
│ 0038_organizer_submission_notify_prefs.sql │ 🕒️    │
├────────────────────────────────────────────┼────────┤
│ 0039_accelevents_auto_sync.sql             │ 🕒️    │
├────────────────────────────────────────────┼────────┤
│ 0040_event_api_tokens.sql                  │ 🕒️    │
├────────────────────────────────────────────┼────────┤
│ 0041_public_embed_status.sql               │ 🕒️    │
└────────────────────────────────────────────┴────────┘
🌀 Executing on local database conference-engine (021b5626-e4ba-44d2-bbfd-69b99d483efb) from .wrangler/state/v3/d1:
🌀 To execute on your remote database, add a --remote flag to your wrangler command.
🚣 9 commands executed successfully.
┌────────────────────────────────────────────┬────────┐
│ name                                       │ status │
├────────────────────────────────────────────┼────────┤
│ 0001_core.sql                              │ ✅     │
├────────────────────────────────────────────┼────────┤
│ 0002_speaker_tasks.sql                     │ ✅     │
├────────────────────────────────────────────┼────────┤
│ 0003_evaluation_email_agenda.sql           │ ✅     │
├────────────────────────────────────────────┼────────┤
│ 0004_event_rooms.sql                       │ ✅     │
├────────────────────────────────────────────┼────────┤
│ 0005_submission_category.sql               │ ✅     │
├────────────────────────────────────────────┼────────┤
│ 0006_reviewers.sql                         │ ✅     │
├────────────────────────────────────────────┼────────┤
│ 0007_submission_labels.sql                 │ ✅     │
├────────────────────────────────────────────┼────────┤
│ 0008_co_speakers.sql                       │ ✅     │
├────────────────────────────────────────────┼────────┤
│ 0009_review_assignments.sql                │ ✅     │
├────────────────────────────────────────────┼────────┤
│ 0010_accounts.sql                          │ ✅     │
├────────────────────────────────────────────┼────────┤
│ 0011_agenda_slot_room_id.sql               │ ✅     │
├────────────────────────────────────────────┼────────┤
│ 0012_production_hardening.sql              │ ✅     │
├────────────────────────────────────────────┼────────┤
│ 0013_final_gate_security.sql               │ ✅     │
├────────────────────────────────────────────┼────────┤
│ 0014_delivery_claim_hardening.sql          │ 🕒️    │
├────────────────────────────────────────────┼────────┤
│ 0015_product_foundation.sql                │ 🕒️    │
├────────────────────────────────────────────┼────────┤
│ 0016_self_service_configuration.sql        │ 🕒️    │
├────────────────────────────────────────────┼────────┤
│ 0017_cfp_lifecycle.sql                     │ 🕒️    │
├────────────────────────────────────────────┼────────┤
│ 0018_evaluation_workflows.sql              │ 🕒️    │
├────────────────────────────────────────────┼────────┤
│ 0019_communications_portal.sql             │ 🕒️    │
├────────────────────────────────────────────┼────────┤
│ 0020_session_lineage_media.sql             │ 🕒️    │
├────────────────────────────────────────────┼────────┤
│ 0021_session_materialization_claims.sql    │ 🕒️    │
├────────────────────────────────────────────┼────────┤
│ 0022_reviewer_email.sql                    │ 🕒️    │
├────────────────────────────────────────────┼────────┤
│ 0023_airtable_sync_opt_in.sql              │ 🕒️    │
├────────────────────────────────────────────┼────────┤
│ 0024_form_builder_phase3.sql               │ 🕒️    │
├────────────────────────────────────────────┼────────┤
│ 0025_speaker_profile_task_fields.sql       │ 🕒️    │
├────────────────────────────────────────────┼────────┤
│ 0026_speaker_roster.sql                    │ 🕒️    │
├────────────────────────────────────────────┼────────┤
│ 0027_review_assignment_recusal.sql         │ 🕒️    │
├────────────────────────────────────────────┼────────┤
│ 0028_speaker_profile_sync_backfill.sql     │ 🕒️    │
├────────────────────────────────────────────┼────────┤
│ 0029_public_embeds.sql                     │ 🕒️    │
├────────────────────────────────────────────┼────────┤
│ 0030_content_deliverables.sql              │ 🕒️    │
├────────────────────────────────────────────┼────────┤
│ 0031_review_rounds.sql                     │ 🕒️    │
├────────────────────────────────────────────┼────────┤
│ 0032_speaker_operations.sql                │ 🕒️    │
├────────────────────────────────────────────┼────────┤
│ 0033_structured_speaker_tasks.sql          │ 🕒️    │
├────────────────────────────────────────────┼────────┤
│ 0034_portal_resources.sql                  │ 🕒️    │
├────────────────────────────────────────────┼────────┤
│ 0035_accelevents_sync.sql                  │ 🕒️    │
├────────────────────────────────────────────┼────────┤
│ 0036_speaker_crm.sql                       │ 🕒️    │
├────────────────────────────────────────────┼────────┤
│ 0037_speaker_profile_identity_fields.sql   │ 🕒️    │
├────────────────────────────────────────────┼────────┤
│ 0038_organizer_submission_notify_prefs.sql │ 🕒️    │
├────────────────────────────────────────────┼────────┤
│ 0039_accelevents_auto_sync.sql             │ 🕒️    │
├────────────────────────────────────────────┼────────┤
│ 0040_event_api_tokens.sql                  │ 🕒️    │
├────────────────────────────────────────────┼────────┤
│ 0041_public_embed_status.sql               │ 🕒️    │
└────────────────────────────────────────────┴────────┘
🌀 Executing on local database conference-engine (021b5626-e4ba-44d2-bbfd-69b99d483efb) from .wrangler/state/v3/d1:
🌀 To execute on your remote database, add a --remote flag to your wrangler command.
🚣 4 commands executed successfully.
┌────────────────────────────────────────────┬────────┐
│ name                                       │ status │
├────────────────────────────────────────────┼────────┤
│ 0001_core.sql                              │ ✅     │
├────────────────────────────────────────────┼────────┤
│ 0002_speaker_tasks.sql                     │ ✅     │
├────────────────────────────────────────────┼────────┤
│ 0003_evaluation_email_agenda.sql           │ ✅     │
├────────────────────────────────────────────┼────────┤
│ 0004_event_rooms.sql                       │ ✅     │
├────────────────────────────────────────────┼────────┤
│ 0005_submission_category.sql               │ ✅     │
├────────────────────────────────────────────┼────────┤
│ 0006_reviewers.sql                         │ ✅     │
├────────────────────────────────────────────┼────────┤
│ 0007_submission_labels.sql                 │ ✅     │
├────────────────────────────────────────────┼────────┤
│ 0008_co_speakers.sql                       │ ✅     │
├────────────────────────────────────────────┼────────┤
│ 0009_review_assignments.sql                │ ✅     │
├────────────────────────────────────────────┼────────┤
│ 0010_accounts.sql                          │ ✅     │
├────────────────────────────────────────────┼────────┤
│ 0011_agenda_slot_room_id.sql               │ ✅     │
├────────────────────────────────────────────┼────────┤
│ 0012_production_hardening.sql              │ ✅     │
├────────────────────────────────────────────┼────────┤
│ 0013_final_gate_security.sql               │ ✅     │
├────────────────────────────────────────────┼────────┤
│ 0014_delivery_claim_hardening.sql          │ ✅     │
├────────────────────────────────────────────┼────────┤
│ 0015_product_foundation.sql                │ 🕒️    │
├────────────────────────────────────────────┼────────┤
│ 0016_self_service_configuration.sql        │ 🕒️    │
├────────────────────────────────────────────┼────────┤
│ 0017_cfp_lifecycle.sql                     │ 🕒️    │
├────────────────────────────────────────────┼────────┤
│ 0018_evaluation_workflows.sql              │ 🕒️    │
├────────────────────────────────────────────┼────────┤
│ 0019_communications_portal.sql             │ 🕒️    │
├────────────────────────────────────────────┼────────┤
│ 0020_session_lineage_media.sql             │ 🕒️    │
├────────────────────────────────────────────┼────────┤
│ 0021_session_materialization_claims.sql    │ 🕒️    │
├────────────────────────────────────────────┼────────┤
│ 0022_reviewer_email.sql                    │ 🕒️    │
├────────────────────────────────────────────┼────────┤
│ 0023_airtable_sync_opt_in.sql              │ 🕒️    │
├────────────────────────────────────────────┼────────┤
│ 0024_form_builder_phase3.sql               │ 🕒️    │
├────────────────────────────────────────────┼────────┤
│ 0025_speaker_profile_task_fields.sql       │ 🕒️    │
├────────────────────────────────────────────┼────────┤
│ 0026_speaker_roster.sql                    │ 🕒️    │
├────────────────────────────────────────────┼────────┤
│ 0027_review_assignment_recusal.sql         │ 🕒️    │
├────────────────────────────────────────────┼────────┤
│ 0028_speaker_profile_sync_backfill.sql     │ 🕒️    │
├────────────────────────────────────────────┼────────┤
│ 0029_public_embeds.sql                     │ 🕒️    │
├────────────────────────────────────────────┼────────┤
│ 0030_content_deliverables.sql              │ 🕒️    │
├────────────────────────────────────────────┼────────┤
│ 0031_review_rounds.sql                     │ 🕒️    │
├────────────────────────────────────────────┼────────┤
│ 0032_speaker_operations.sql                │ 🕒️    │
├────────────────────────────────────────────┼────────┤
│ 0033_structured_speaker_tasks.sql          │ 🕒️    │
├────────────────────────────────────────────┼────────┤
│ 0034_portal_resources.sql                  │ 🕒️    │
├────────────────────────────────────────────┼────────┤
│ 0035_accelevents_sync.sql                  │ 🕒️    │
├────────────────────────────────────────────┼────────┤
│ 0036_speaker_crm.sql                       │ 🕒️    │
├────────────────────────────────────────────┼────────┤
│ 0037_speaker_profile_identity_fields.sql   │ 🕒️    │
├────────────────────────────────────────────┼────────┤
│ 0038_organizer_submission_notify_prefs.sql │ 🕒️    │
├────────────────────────────────────────────┼────────┤
│ 0039_accelevents_auto_sync.sql             │ 🕒️    │
├────────────────────────────────────────────┼────────┤
│ 0040_event_api_tokens.sql                  │ 🕒️    │
├────────────────────────────────────────────┼────────┤
│ 0041_public_embed_status.sql               │ 🕒️    │
└────────────────────────────────────────────┴────────┘
🌀 Executing on local database conference-engine (021b5626-e4ba-44d2-bbfd-69b99d483efb) from .wrangler/state/v3/d1:
🌀 To execute on your remote database, add a --remote flag to your wrangler command.
🚣 24 commands executed successfully.
┌────────────────────────────────────────────┬────────┐
│ name                                       │ status │
├────────────────────────────────────────────┼────────┤
│ 0001_core.sql                              │ ✅     │
├────────────────────────────────────────────┼────────┤
│ 0002_speaker_tasks.sql                     │ ✅     │
├────────────────────────────────────────────┼────────┤
│ 0003_evaluation_email_agenda.sql           │ ✅     │
├────────────────────────────────────────────┼────────┤
│ 0004_event_rooms.sql                       │ ✅     │
├────────────────────────────────────────────┼────────┤
│ 0005_submission_category.sql               │ ✅     │
├────────────────────────────────────────────┼────────┤
│ 0006_reviewers.sql                         │ ✅     │
├────────────────────────────────────────────┼────────┤
│ 0007_submission_labels.sql                 │ ✅     │
├────────────────────────────────────────────┼────────┤
│ 0008_co_speakers.sql                       │ ✅     │
├────────────────────────────────────────────┼────────┤
│ 0009_review_assignments.sql                │ ✅     │
├────────────────────────────────────────────┼────────┤
│ 0010_accounts.sql                          │ ✅     │
├────────────────────────────────────────────┼────────┤
│ 0011_agenda_slot_room_id.sql               │ ✅     │
├────────────────────────────────────────────┼────────┤
│ 0012_production_hardening.sql              │ ✅     │
├────────────────────────────────────────────┼────────┤
│ 0013_final_gate_security.sql               │ ✅     │
├────────────────────────────────────────────┼────────┤
│ 0014_delivery_claim_hardening.sql          │ ✅     │
├────────────────────────────────────────────┼────────┤
│ 0015_product_foundation.sql                │ ✅     │
├────────────────────────────────────────────┼────────┤
│ 0016_self_service_configuration.sql        │ 🕒️    │
├────────────────────────────────────────────┼────────┤
│ 0017_cfp_lifecycle.sql                     │ 🕒️    │
├────────────────────────────────────────────┼────────┤
│ 0018_evaluation_workflows.sql              │ 🕒️    │
├────────────────────────────────────────────┼────────┤
│ 0019_communications_portal.sql             │ 🕒️    │
├────────────────────────────────────────────┼────────┤
│ 0020_session_lineage_media.sql             │ 🕒️    │
├────────────────────────────────────────────┼────────┤
│ 0021_session_materialization_claims.sql    │ 🕒️    │
├────────────────────────────────────────────┼────────┤
│ 0022_reviewer_email.sql                    │ 🕒️    │
├────────────────────────────────────────────┼────────┤
│ 0023_airtable_sync_opt_in.sql              │ 🕒️    │
├────────────────────────────────────────────┼────────┤
│ 0024_form_builder_phase3.sql               │ 🕒️    │
├────────────────────────────────────────────┼────────┤
│ 0025_speaker_profile_task_fields.sql       │ 🕒️    │
├────────────────────────────────────────────┼────────┤
│ 0026_speaker_roster.sql                    │ 🕒️    │
├────────────────────────────────────────────┼────────┤
│ 0027_review_assignment_recusal.sql         │ 🕒️    │
├────────────────────────────────────────────┼────────┤
│ 0028_speaker_profile_sync_backfill.sql     │ 🕒️    │
├────────────────────────────────────────────┼────────┤
│ 0029_public_embeds.sql                     │ 🕒️    │
├────────────────────────────────────────────┼────────┤
│ 0030_content_deliverables.sql              │ 🕒️    │
├────────────────────────────────────────────┼────────┤
│ 0031_review_rounds.sql                     │ 🕒️    │
├────────────────────────────────────────────┼────────┤
│ 0032_speaker_operations.sql                │ 🕒️    │
├────────────────────────────────────────────┼────────┤
│ 0033_structured_speaker_tasks.sql          │ 🕒️    │
├────────────────────────────────────────────┼────────┤
│ 0034_portal_resources.sql                  │ 🕒️    │
├────────────────────────────────────────────┼────────┤
│ 0035_accelevents_sync.sql                  │ 🕒️    │
├────────────────────────────────────────────┼────────┤
│ 0036_speaker_crm.sql                       │ 🕒️    │
├────────────────────────────────────────────┼────────┤
│ 0037_speaker_profile_identity_fields.sql   │ 🕒️    │
├────────────────────────────────────────────┼────────┤
│ 0038_organizer_submission_notify_prefs.sql │ 🕒️    │
├────────────────────────────────────────────┼────────┤
│ 0039_accelevents_auto_sync.sql             │ 🕒️    │
├────────────────────────────────────────────┼────────┤
│ 0040_event_api_tokens.sql                  │ 🕒️    │
├────────────────────────────────────────────┼────────┤
│ 0041_public_embed_status.sql               │ 🕒️    │
└────────────────────────────────────────────┴────────┘
🌀 Executing on local database conference-engine (021b5626-e4ba-44d2-bbfd-69b99d483efb) from .wrangler/state/v3/d1:
🌀 To execute on your remote database, add a --remote flag to your wrangler command.
🚣 8 commands executed successfully.
┌────────────────────────────────────────────┬────────┐
│ name                                       │ status │
├────────────────────────────────────────────┼────────┤
│ 0001_core.sql                              │ ✅     │
├────────────────────────────────────────────┼────────┤
│ 0002_speaker_tasks.sql                     │ ✅     │
├────────────────────────────────────────────┼────────┤
│ 0003_evaluation_email_agenda.sql           │ ✅     │
├────────────────────────────────────────────┼────────┤
│ 0004_event_rooms.sql                       │ ✅     │
├────────────────────────────────────────────┼────────┤
│ 0005_submission_category.sql               │ ✅     │
├────────────────────────────────────────────┼────────┤
│ 0006_reviewers.sql                         │ ✅     │
├────────────────────────────────────────────┼────────┤
│ 0007_submission_labels.sql                 │ ✅     │
├────────────────────────────────────────────┼────────┤
│ 0008_co_speakers.sql                       │ ✅     │
├────────────────────────────────────────────┼────────┤
│ 0009_review_assignments.sql                │ ✅     │
├────────────────────────────────────────────┼────────┤
│ 0010_accounts.sql                          │ ✅     │
├────────────────────────────────────────────┼────────┤
│ 0011_agenda_slot_room_id.sql               │ ✅     │
├────────────────────────────────────────────┼────────┤
│ 0012_production_hardening.sql              │ ✅     │
├────────────────────────────────────────────┼────────┤
│ 0013_final_gate_security.sql               │ ✅     │
├────────────────────────────────────────────┼────────┤
│ 0014_delivery_claim_hardening.sql          │ ✅     │
├────────────────────────────────────────────┼────────┤
│ 0015_product_foundation.sql                │ ✅     │
├────────────────────────────────────────────┼────────┤
│ 0016_self_service_configuration.sql        │ ✅     │
├────────────────────────────────────────────┼────────┤
│ 0017_cfp_lifecycle.sql                     │ 🕒️    │
├────────────────────────────────────────────┼────────┤
│ 0018_evaluation_workflows.sql              │ 🕒️    │
├────────────────────────────────────────────┼────────┤
│ 0019_communications_portal.sql             │ 🕒️    │
├────────────────────────────────────────────┼────────┤
│ 0020_session_lineage_media.sql             │ 🕒️    │
├────────────────────────────────────────────┼────────┤
│ 0021_session_materialization_claims.sql    │ 🕒️    │
├────────────────────────────────────────────┼────────┤
│ 0022_reviewer_email.sql                    │ 🕒️    │
├────────────────────────────────────────────┼────────┤
│ 0023_airtable_sync_opt_in.sql              │ 🕒️    │
├────────────────────────────────────────────┼────────┤
│ 0024_form_builder_phase3.sql               │ 🕒️    │
├────────────────────────────────────────────┼────────┤
│ 0025_speaker_profile_task_fields.sql       │ 🕒️    │
├────────────────────────────────────────────┼────────┤
│ 0026_speaker_roster.sql                    │ 🕒️    │
├────────────────────────────────────────────┼────────┤
│ 0027_review_assignment_recusal.sql         │ 🕒️    │
├────────────────────────────────────────────┼────────┤
│ 0028_speaker_profile_sync_backfill.sql     │ 🕒️    │
├────────────────────────────────────────────┼────────┤
│ 0029_public_embeds.sql                     │ 🕒️    │
├────────────────────────────────────────────┼────────┤
│ 0030_content_deliverables.sql              │ 🕒️    │
├────────────────────────────────────────────┼────────┤
│ 0031_review_rounds.sql                     │ 🕒️    │
├────────────────────────────────────────────┼────────┤
│ 0032_speaker_operations.sql                │ 🕒️    │
├────────────────────────────────────────────┼────────┤
│ 0033_structured_speaker_tasks.sql          │ 🕒️    │
├────────────────────────────────────────────┼────────┤
│ 0034_portal_resources.sql                  │ 🕒️    │
├────────────────────────────────────────────┼────────┤
│ 0035_accelevents_sync.sql                  │ 🕒️    │
├────────────────────────────────────────────┼────────┤
│ 0036_speaker_crm.sql                       │ 🕒️    │
├────────────────────────────────────────────┼────────┤
│ 0037_speaker_profile_identity_fields.sql   │ 🕒️    │
├────────────────────────────────────────────┼────────┤
│ 0038_organizer_submission_notify_prefs.sql │ 🕒️    │
├────────────────────────────────────────────┼────────┤
│ 0039_accelevents_auto_sync.sql             │ 🕒️    │
├────────────────────────────────────────────┼────────┤
│ 0040_event_api_tokens.sql                  │ 🕒️    │
├────────────────────────────────────────────┼────────┤
│ 0041_public_embed_status.sql               │ 🕒️    │
└────────────────────────────────────────────┴────────┘
🌀 Executing on local database conference-engine (021b5626-e4ba-44d2-bbfd-69b99d483efb) from .wrangler/state/v3/d1:
🌀 To execute on your remote database, add a --remote flag to your wrangler command.
🚣 6 commands executed successfully.
┌────────────────────────────────────────────┬────────┐
│ name                                       │ status │
├────────────────────────────────────────────┼────────┤
│ 0001_core.sql                              │ ✅     │
├────────────────────────────────────────────┼────────┤
│ 0002_speaker_tasks.sql                     │ ✅     │
├────────────────────────────────────────────┼────────┤
│ 0003_evaluation_email_agenda.sql           │ ✅     │
├────────────────────────────────────────────┼────────┤
│ 0004_event_rooms.sql                       │ ✅     │
├────────────────────────────────────────────┼────────┤
│ 0005_submission_category.sql               │ ✅     │
├────────────────────────────────────────────┼────────┤
│ 0006_reviewers.sql                         │ ✅     │
├────────────────────────────────────────────┼────────┤
│ 0007_submission_labels.sql                 │ ✅     │
├────────────────────────────────────────────┼────────┤
│ 0008_co_speakers.sql                       │ ✅     │
├────────────────────────────────────────────┼────────┤
│ 0009_review_assignments.sql                │ ✅     │
├────────────────────────────────────────────┼────────┤
│ 0010_accounts.sql                          │ ✅     │
├────────────────────────────────────────────┼────────┤
│ 0011_agenda_slot_room_id.sql               │ ✅     │
├────────────────────────────────────────────┼────────┤
│ 0012_production_hardening.sql              │ ✅     │
├────────────────────────────────────────────┼────────┤
│ 0013_final_gate_security.sql               │ ✅     │
├────────────────────────────────────────────┼────────┤
│ 0014_delivery_claim_hardening.sql          │ ✅     │
├────────────────────────────────────────────┼────────┤
│ 0015_product_foundation.sql                │ ✅     │
├────────────────────────────────────────────┼────────┤
│ 0016_self_service_configuration.sql        │ ✅     │
├────────────────────────────────────────────┼────────┤
│ 0017_cfp_lifecycle.sql                     │ ✅     │
├────────────────────────────────────────────┼────────┤
│ 0018_evaluation_workflows.sql              │ 🕒️    │
├────────────────────────────────────────────┼────────┤
│ 0019_communications_portal.sql             │ 🕒️    │
├────────────────────────────────────────────┼────────┤
│ 0020_session_lineage_media.sql             │ 🕒️    │
├────────────────────────────────────────────┼────────┤
│ 0021_session_materialization_claims.sql    │ 🕒️    │
├────────────────────────────────────────────┼────────┤
│ 0022_reviewer_email.sql                    │ 🕒️    │
├────────────────────────────────────────────┼────────┤
│ 0023_airtable_sync_opt_in.sql              │ 🕒️    │
├────────────────────────────────────────────┼────────┤
│ 0024_form_builder_phase3.sql               │ 🕒️    │
├────────────────────────────────────────────┼────────┤
│ 0025_speaker_profile_task_fields.sql       │ 🕒️    │
├────────────────────────────────────────────┼────────┤
│ 0026_speaker_roster.sql                    │ 🕒️    │
├────────────────────────────────────────────┼────────┤
│ 0027_review_assignment_recusal.sql         │ 🕒️    │
├────────────────────────────────────────────┼────────┤
│ 0028_speaker_profile_sync_backfill.sql     │ 🕒️    │
├────────────────────────────────────────────┼────────┤
│ 0029_public_embeds.sql                     │ 🕒️    │
├────────────────────────────────────────────┼────────┤
│ 0030_content_deliverables.sql              │ 🕒️    │
├────────────────────────────────────────────┼────────┤
│ 0031_review_rounds.sql                     │ 🕒️    │
├────────────────────────────────────────────┼────────┤
│ 0032_speaker_operations.sql                │ 🕒️    │
├────────────────────────────────────────────┼────────┤
│ 0033_structured_speaker_tasks.sql          │ 🕒️    │
├────────────────────────────────────────────┼────────┤
│ 0034_portal_resources.sql                  │ 🕒️    │
├────────────────────────────────────────────┼────────┤
│ 0035_accelevents_sync.sql                  │ 🕒️    │
├────────────────────────────────────────────┼────────┤
│ 0036_speaker_crm.sql                       │ 🕒️    │
├────────────────────────────────────────────┼────────┤
│ 0037_speaker_profile_identity_fields.sql   │ 🕒️    │
├────────────────────────────────────────────┼────────┤
│ 0038_organizer_submission_notify_prefs.sql │ 🕒️    │
├────────────────────────────────────────────┼────────┤
│ 0039_accelevents_auto_sync.sql             │ 🕒️    │
├────────────────────────────────────────────┼────────┤
│ 0040_event_api_tokens.sql                  │ 🕒️    │
├────────────────────────────────────────────┼────────┤
│ 0041_public_embed_status.sql               │ 🕒️    │
└────────────────────────────────────────────┴────────┘
🌀 Executing on local database conference-engine (021b5626-e4ba-44d2-bbfd-69b99d483efb) from .wrangler/state/v3/d1:
🌀 To execute on your remote database, add a --remote flag to your wrangler command.
🚣 13 commands executed successfully.
┌────────────────────────────────────────────┬────────┐
│ name                                       │ status │
├────────────────────────────────────────────┼────────┤
│ 0001_core.sql                              │ ✅     │
├────────────────────────────────────────────┼────────┤
│ 0002_speaker_tasks.sql                     │ ✅     │
├────────────────────────────────────────────┼────────┤
│ 0003_evaluation_email_agenda.sql           │ ✅     │
├────────────────────────────────────────────┼────────┤
│ 0004_event_rooms.sql                       │ ✅     │
├────────────────────────────────────────────┼────────┤
│ 0005_submission_category.sql               │ ✅     │
├────────────────────────────────────────────┼────────┤
│ 0006_reviewers.sql                         │ ✅     │
├────────────────────────────────────────────┼────────┤
│ 0007_submission_labels.sql                 │ ✅     │
├────────────────────────────────────────────┼────────┤
│ 0008_co_speakers.sql                       │ ✅     │
├────────────────────────────────────────────┼────────┤
│ 0009_review_assignments.sql                │ ✅     │
├────────────────────────────────────────────┼────────┤
│ 0010_accounts.sql                          │ ✅     │
├────────────────────────────────────────────┼────────┤
│ 0011_agenda_slot_room_id.sql               │ ✅     │
├────────────────────────────────────────────┼────────┤
│ 0012_production_hardening.sql              │ ✅     │
├────────────────────────────────────────────┼────────┤
│ 0013_final_gate_security.sql               │ ✅     │
├────────────────────────────────────────────┼────────┤
│ 0014_delivery_claim_hardening.sql          │ ✅     │
├────────────────────────────────────────────┼────────┤
│ 0015_product_foundation.sql                │ ✅     │
├────────────────────────────────────────────┼────────┤
│ 0016_self_service_configuration.sql        │ ✅     │
├────────────────────────────────────────────┼────────┤
│ 0017_cfp_lifecycle.sql                     │ ✅     │
├────────────────────────────────────────────┼────────┤
│ 0018_evaluation_workflows.sql              │ ✅     │
├────────────────────────────────────────────┼────────┤
│ 0019_communications_portal.sql             │ 🕒️    │
├────────────────────────────────────────────┼────────┤
│ 0020_session_lineage_media.sql             │ 🕒️    │
├────────────────────────────────────────────┼────────┤
│ 0021_session_materialization_claims.sql    │ 🕒️    │
├────────────────────────────────────────────┼────────┤
│ 0022_reviewer_email.sql                    │ 🕒️    │
├────────────────────────────────────────────┼────────┤
│ 0023_airtable_sync_opt_in.sql              │ 🕒️    │
├────────────────────────────────────────────┼────────┤
│ 0024_form_builder_phase3.sql               │ 🕒️    │
├────────────────────────────────────────────┼────────┤
│ 0025_speaker_profile_task_fields.sql       │ 🕒️    │
├────────────────────────────────────────────┼────────┤
│ 0026_speaker_roster.sql                    │ 🕒️    │
├────────────────────────────────────────────┼────────┤
│ 0027_review_assignment_recusal.sql         │ 🕒️    │
├────────────────────────────────────────────┼────────┤
│ 0028_speaker_profile_sync_backfill.sql     │ 🕒️    │
├────────────────────────────────────────────┼────────┤
│ 0029_public_embeds.sql                     │ 🕒️    │
├────────────────────────────────────────────┼────────┤
│ 0030_content_deliverables.sql              │ 🕒️    │
├────────────────────────────────────────────┼────────┤
│ 0031_review_rounds.sql                     │ 🕒️    │
├────────────────────────────────────────────┼────────┤
│ 0032_speaker_operations.sql                │ 🕒️    │
├────────────────────────────────────────────┼────────┤
│ 0033_structured_speaker_tasks.sql          │ 🕒️    │
├────────────────────────────────────────────┼────────┤
│ 0034_portal_resources.sql                  │ 🕒️    │
├────────────────────────────────────────────┼────────┤
│ 0035_accelevents_sync.sql                  │ 🕒️    │
├────────────────────────────────────────────┼────────┤
│ 0036_speaker_crm.sql                       │ 🕒️    │
├────────────────────────────────────────────┼────────┤
│ 0037_speaker_profile_identity_fields.sql   │ 🕒️    │
├────────────────────────────────────────────┼────────┤
│ 0038_organizer_submission_notify_prefs.sql │ 🕒️    │
├────────────────────────────────────────────┼────────┤
│ 0039_accelevents_auto_sync.sql             │ 🕒️    │
├────────────────────────────────────────────┼────────┤
│ 0040_event_api_tokens.sql                  │ 🕒️    │
├────────────────────────────────────────────┼────────┤
│ 0041_public_embed_status.sql               │ 🕒️    │
└────────────────────────────────────────────┴────────┘
🌀 Executing on local database conference-engine (021b5626-e4ba-44d2-bbfd-69b99d483efb) from .wrangler/state/v3/d1:
🌀 To execute on your remote database, add a --remote flag to your wrangler command.
🚣 11 commands executed successfully.
┌────────────────────────────────────────────┬────────┐
│ name                                       │ status │
├────────────────────────────────────────────┼────────┤
│ 0001_core.sql                              │ ✅     │
├────────────────────────────────────────────┼────────┤
│ 0002_speaker_tasks.sql                     │ ✅     │
├────────────────────────────────────────────┼────────┤
│ 0003_evaluation_email_agenda.sql           │ ✅     │
├────────────────────────────────────────────┼────────┤
│ 0004_event_rooms.sql                       │ ✅     │
├────────────────────────────────────────────┼────────┤
│ 0005_submission_category.sql               │ ✅     │
├────────────────────────────────────────────┼────────┤
│ 0006_reviewers.sql                         │ ✅     │
├────────────────────────────────────────────┼────────┤
│ 0007_submission_labels.sql                 │ ✅     │
├────────────────────────────────────────────┼────────┤
│ 0008_co_speakers.sql                       │ ✅     │
├────────────────────────────────────────────┼────────┤
│ 0009_review_assignments.sql                │ ✅     │
├────────────────────────────────────────────┼────────┤
│ 0010_accounts.sql                          │ ✅     │
├────────────────────────────────────────────┼────────┤
│ 0011_agenda_slot_room_id.sql               │ ✅     │
├────────────────────────────────────────────┼────────┤
│ 0012_production_hardening.sql              │ ✅     │
├────────────────────────────────────────────┼────────┤
│ 0013_final_gate_security.sql               │ ✅     │
├────────────────────────────────────────────┼────────┤
│ 0014_delivery_claim_hardening.sql          │ ✅     │
├────────────────────────────────────────────┼────────┤
│ 0015_product_foundation.sql                │ ✅     │
├────────────────────────────────────────────┼────────┤
│ 0016_self_service_configuration.sql        │ ✅     │
├────────────────────────────────────────────┼────────┤
│ 0017_cfp_lifecycle.sql                     │ ✅     │
├────────────────────────────────────────────┼────────┤
│ 0018_evaluation_workflows.sql              │ ✅     │
├────────────────────────────────────────────┼────────┤
│ 0019_communications_portal.sql             │ ✅     │
├────────────────────────────────────────────┼────────┤
│ 0020_session_lineage_media.sql             │ 🕒️    │
├────────────────────────────────────────────┼────────┤
│ 0021_session_materialization_claims.sql    │ 🕒️    │
├────────────────────────────────────────────┼────────┤
│ 0022_reviewer_email.sql                    │ 🕒️    │
├────────────────────────────────────────────┼────────┤
│ 0023_airtable_sync_opt_in.sql              │ 🕒️    │
├────────────────────────────────────────────┼────────┤
│ 0024_form_builder_phase3.sql               │ 🕒️    │
├────────────────────────────────────────────┼────────┤
│ 0025_speaker_profile_task_fields.sql       │ 🕒️    │
├────────────────────────────────────────────┼────────┤
│ 0026_speaker_roster.sql                    │ 🕒️    │
├────────────────────────────────────────────┼────────┤
│ 0027_review_assignment_recusal.sql         │ 🕒️    │
├────────────────────────────────────────────┼────────┤
│ 0028_speaker_profile_sync_backfill.sql     │ 🕒️    │
├────────────────────────────────────────────┼────────┤
│ 0029_public_embeds.sql                     │ 🕒️    │
├────────────────────────────────────────────┼────────┤
│ 0030_content_deliverables.sql              │ 🕒️    │
├────────────────────────────────────────────┼────────┤
│ 0031_review_rounds.sql                     │ 🕒️    │
├────────────────────────────────────────────┼────────┤
│ 0032_speaker_operations.sql                │ 🕒️    │
├────────────────────────────────────────────┼────────┤
│ 0033_structured_speaker_tasks.sql          │ 🕒️    │
├────────────────────────────────────────────┼────────┤
│ 0034_portal_resources.sql                  │ 🕒️    │
├────────────────────────────────────────────┼────────┤
│ 0035_accelevents_sync.sql                  │ 🕒️    │
├────────────────────────────────────────────┼────────┤
│ 0036_speaker_crm.sql                       │ 🕒️    │
├────────────────────────────────────────────┼────────┤
│ 0037_speaker_profile_identity_fields.sql   │ 🕒️    │
├────────────────────────────────────────────┼────────┤
│ 0038_organizer_submission_notify_prefs.sql │ 🕒️    │
├────────────────────────────────────────────┼────────┤
│ 0039_accelevents_auto_sync.sql             │ 🕒️    │
├────────────────────────────────────────────┼────────┤
│ 0040_event_api_tokens.sql                  │ 🕒️    │
├────────────────────────────────────────────┼────────┤
│ 0041_public_embed_status.sql               │ 🕒️    │
└────────────────────────────────────────────┴────────┘
🌀 Executing on local database conference-engine (021b5626-e4ba-44d2-bbfd-69b99d483efb) from .wrangler/state/v3/d1:
🌀 To execute on your remote database, add a --remote flag to your wrangler command.
🚣 11 commands executed successfully.
┌────────────────────────────────────────────┬────────┐
│ name                                       │ status │
├────────────────────────────────────────────┼────────┤
│ 0001_core.sql                              │ ✅     │
├────────────────────────────────────────────┼────────┤
│ 0002_speaker_tasks.sql                     │ ✅     │
├────────────────────────────────────────────┼────────┤
│ 0003_evaluation_email_agenda.sql           │ ✅     │
├────────────────────────────────────────────┼────────┤
│ 0004_event_rooms.sql                       │ ✅     │
├────────────────────────────────────────────┼────────┤
│ 0005_submission_category.sql               │ ✅     │
├────────────────────────────────────────────┼────────┤
│ 0006_reviewers.sql                         │ ✅     │
├────────────────────────────────────────────┼────────┤
│ 0007_submission_labels.sql                 │ ✅     │
├────────────────────────────────────────────┼────────┤
│ 0008_co_speakers.sql                       │ ✅     │
├────────────────────────────────────────────┼────────┤
│ 0009_review_assignments.sql                │ ✅     │
├────────────────────────────────────────────┼────────┤
│ 0010_accounts.sql                          │ ✅     │
├────────────────────────────────────────────┼────────┤
│ 0011_agenda_slot_room_id.sql               │ ✅     │
├────────────────────────────────────────────┼────────┤
│ 0012_production_hardening.sql              │ ✅     │
├────────────────────────────────────────────┼────────┤
│ 0013_final_gate_security.sql               │ ✅     │
├────────────────────────────────────────────┼────────┤
│ 0014_delivery_claim_hardening.sql          │ ✅     │
├────────────────────────────────────────────┼────────┤
│ 0015_product_foundation.sql                │ ✅     │
├────────────────────────────────────────────┼────────┤
│ 0016_self_service_configuration.sql        │ ✅     │
├────────────────────────────────────────────┼────────┤
│ 0017_cfp_lifecycle.sql                     │ ✅     │
├────────────────────────────────────────────┼────────┤
│ 0018_evaluation_workflows.sql              │ ✅     │
├────────────────────────────────────────────┼────────┤
│ 0019_communications_portal.sql             │ ✅     │
├────────────────────────────────────────────┼────────┤
│ 0020_session_lineage_media.sql             │ ✅     │
├────────────────────────────────────────────┼────────┤
│ 0021_session_materialization_claims.sql    │ 🕒️    │
├────────────────────────────────────────────┼────────┤
│ 0022_reviewer_email.sql                    │ 🕒️    │
├────────────────────────────────────────────┼────────┤
│ 0023_airtable_sync_opt_in.sql              │ 🕒️    │
├────────────────────────────────────────────┼────────┤
│ 0024_form_builder_phase3.sql               │ 🕒️    │
├────────────────────────────────────────────┼────────┤
│ 0025_speaker_profile_task_fields.sql       │ 🕒️    │
├────────────────────────────────────────────┼────────┤
│ 0026_speaker_roster.sql                    │ 🕒️    │
├────────────────────────────────────────────┼────────┤
│ 0027_review_assignment_recusal.sql         │ 🕒️    │
├────────────────────────────────────────────┼────────┤
│ 0028_speaker_profile_sync_backfill.sql     │ 🕒️    │
├────────────────────────────────────────────┼────────┤
│ 0029_public_embeds.sql                     │ 🕒️    │
├────────────────────────────────────────────┼────────┤
│ 0030_content_deliverables.sql              │ 🕒️    │
├────────────────────────────────────────────┼────────┤
│ 0031_review_rounds.sql                     │ 🕒️    │
├────────────────────────────────────────────┼────────┤
│ 0032_speaker_operations.sql                │ 🕒️    │
├────────────────────────────────────────────┼────────┤
│ 0033_structured_speaker_tasks.sql          │ 🕒️    │
├────────────────────────────────────────────┼────────┤
│ 0034_portal_resources.sql                  │ 🕒️    │
├────────────────────────────────────────────┼────────┤
│ 0035_accelevents_sync.sql                  │ 🕒️    │
├────────────────────────────────────────────┼────────┤
│ 0036_speaker_crm.sql                       │ 🕒️    │
├────────────────────────────────────────────┼────────┤
│ 0037_speaker_profile_identity_fields.sql   │ 🕒️    │
├────────────────────────────────────────────┼────────┤
│ 0038_organizer_submission_notify_prefs.sql │ 🕒️    │
├────────────────────────────────────────────┼────────┤
│ 0039_accelevents_auto_sync.sql             │ 🕒️    │
├────────────────────────────────────────────┼────────┤
│ 0040_event_api_tokens.sql                  │ 🕒️    │
├────────────────────────────────────────────┼────────┤
│ 0041_public_embed_status.sql               │ 🕒️    │
└────────────────────────────────────────────┴────────┘
🌀 Executing on local database conference-engine (021b5626-e4ba-44d2-bbfd-69b99d483efb) from .wrangler/state/v3/d1:
🌀 To execute on your remote database, add a --remote flag to your wrangler command.
🚣 3 commands executed successfully.
┌────────────────────────────────────────────┬────────┐
│ name                                       │ status │
├────────────────────────────────────────────┼────────┤
│ 0001_core.sql                              │ ✅     │
├────────────────────────────────────────────┼────────┤
│ 0002_speaker_tasks.sql                     │ ✅     │
├────────────────────────────────────────────┼────────┤
│ 0003_evaluation_email_agenda.sql           │ ✅     │
├────────────────────────────────────────────┼────────┤
│ 0004_event_rooms.sql                       │ ✅     │
├────────────────────────────────────────────┼────────┤
│ 0005_submission_category.sql               │ ✅     │
├────────────────────────────────────────────┼────────┤
│ 0006_reviewers.sql                         │ ✅     │
├────────────────────────────────────────────┼────────┤
│ 0007_submission_labels.sql                 │ ✅     │
├────────────────────────────────────────────┼────────┤
│ 0008_co_speakers.sql                       │ ✅     │
├────────────────────────────────────────────┼────────┤
│ 0009_review_assignments.sql                │ ✅     │
├────────────────────────────────────────────┼────────┤
│ 0010_accounts.sql                          │ ✅     │
├────────────────────────────────────────────┼────────┤
│ 0011_agenda_slot_room_id.sql               │ ✅     │
├────────────────────────────────────────────┼────────┤
│ 0012_production_hardening.sql              │ ✅     │
├────────────────────────────────────────────┼────────┤
│ 0013_final_gate_security.sql               │ ✅     │
├────────────────────────────────────────────┼────────┤
│ 0014_delivery_claim_hardening.sql          │ ✅     │
├────────────────────────────────────────────┼────────┤
│ 0015_product_foundation.sql                │ ✅     │
├────────────────────────────────────────────┼────────┤
│ 0016_self_service_configuration.sql        │ ✅     │
├────────────────────────────────────────────┼────────┤
│ 0017_cfp_lifecycle.sql                     │ ✅     │
├────────────────────────────────────────────┼────────┤
│ 0018_evaluation_workflows.sql              │ ✅     │
├────────────────────────────────────────────┼────────┤
│ 0019_communications_portal.sql             │ ✅     │
├────────────────────────────────────────────┼────────┤
│ 0020_session_lineage_media.sql             │ ✅     │
├────────────────────────────────────────────┼────────┤
│ 0021_session_materialization_claims.sql    │ ✅     │
├────────────────────────────────────────────┼────────┤
│ 0022_reviewer_email.sql                    │ 🕒️    │
├────────────────────────────────────────────┼────────┤
│ 0023_airtable_sync_opt_in.sql              │ 🕒️    │
├────────────────────────────────────────────┼────────┤
│ 0024_form_builder_phase3.sql               │ 🕒️    │
├────────────────────────────────────────────┼────────┤
│ 0025_speaker_profile_task_fields.sql       │ 🕒️    │
├────────────────────────────────────────────┼────────┤
│ 0026_speaker_roster.sql                    │ 🕒️    │
├────────────────────────────────────────────┼────────┤
│ 0027_review_assignment_recusal.sql         │ 🕒️    │
├────────────────────────────────────────────┼────────┤
│ 0028_speaker_profile_sync_backfill.sql     │ 🕒️    │
├────────────────────────────────────────────┼────────┤
│ 0029_public_embeds.sql                     │ 🕒️    │
├────────────────────────────────────────────┼────────┤
│ 0030_content_deliverables.sql              │ 🕒️    │
├────────────────────────────────────────────┼────────┤
│ 0031_review_rounds.sql                     │ 🕒️    │
├────────────────────────────────────────────┼────────┤
│ 0032_speaker_operations.sql                │ 🕒️    │
├────────────────────────────────────────────┼────────┤
│ 0033_structured_speaker_tasks.sql          │ 🕒️    │
├────────────────────────────────────────────┼────────┤
│ 0034_portal_resources.sql                  │ 🕒️    │
├────────────────────────────────────────────┼────────┤
│ 0035_accelevents_sync.sql                  │ 🕒️    │
├────────────────────────────────────────────┼────────┤
│ 0036_speaker_crm.sql                       │ 🕒️    │
├────────────────────────────────────────────┼────────┤
│ 0037_speaker_profile_identity_fields.sql   │ 🕒️    │
├────────────────────────────────────────────┼────────┤
│ 0038_organizer_submission_notify_prefs.sql │ 🕒️    │
├────────────────────────────────────────────┼────────┤
│ 0039_accelevents_auto_sync.sql             │ 🕒️    │
├────────────────────────────────────────────┼────────┤
│ 0040_event_api_tokens.sql                  │ 🕒️    │
├────────────────────────────────────────────┼────────┤
│ 0041_public_embed_status.sql               │ 🕒️    │
└────────────────────────────────────────────┴────────┘
🌀 Executing on local database conference-engine (021b5626-e4ba-44d2-bbfd-69b99d483efb) from .wrangler/state/v3/d1:
🌀 To execute on your remote database, add a --remote flag to your wrangler command.
🚣 3 commands executed successfully.
┌────────────────────────────────────────────┬────────┐
│ name                                       │ status │
├────────────────────────────────────────────┼────────┤
│ 0001_core.sql                              │ ✅     │
├────────────────────────────────────────────┼────────┤
│ 0002_speaker_tasks.sql                     │ ✅     │
├────────────────────────────────────────────┼────────┤
│ 0003_evaluation_email_agenda.sql           │ ✅     │
├────────────────────────────────────────────┼────────┤
│ 0004_event_rooms.sql                       │ ✅     │
├────────────────────────────────────────────┼────────┤
│ 0005_submission_category.sql               │ ✅     │
├────────────────────────────────────────────┼────────┤
│ 0006_reviewers.sql                         │ ✅     │
├────────────────────────────────────────────┼────────┤
│ 0007_submission_labels.sql                 │ ✅     │
├────────────────────────────────────────────┼────────┤
│ 0008_co_speakers.sql                       │ ✅     │
├────────────────────────────────────────────┼────────┤
│ 0009_review_assignments.sql                │ ✅     │
├────────────────────────────────────────────┼────────┤
│ 0010_accounts.sql                          │ ✅     │
├────────────────────────────────────────────┼────────┤
│ 0011_agenda_slot_room_id.sql               │ ✅     │
├────────────────────────────────────────────┼────────┤
│ 0012_production_hardening.sql              │ ✅     │
├────────────────────────────────────────────┼────────┤
│ 0013_final_gate_security.sql               │ ✅     │
├────────────────────────────────────────────┼────────┤
│ 0014_delivery_claim_hardening.sql          │ ✅     │
├────────────────────────────────────────────┼────────┤
│ 0015_product_foundation.sql                │ ✅     │
├────────────────────────────────────────────┼────────┤
│ 0016_self_service_configuration.sql        │ ✅     │
├────────────────────────────────────────────┼────────┤
│ 0017_cfp_lifecycle.sql                     │ ✅     │
├────────────────────────────────────────────┼────────┤
│ 0018_evaluation_workflows.sql              │ ✅     │
├────────────────────────────────────────────┼────────┤
│ 0019_communications_portal.sql             │ ✅     │
├────────────────────────────────────────────┼────────┤
│ 0020_session_lineage_media.sql             │ ✅     │
├────────────────────────────────────────────┼────────┤
│ 0021_session_materialization_claims.sql    │ ✅     │
├────────────────────────────────────────────┼────────┤
│ 0022_reviewer_email.sql                    │ ✅     │
├────────────────────────────────────────────┼────────┤
│ 0023_airtable_sync_opt_in.sql              │ 🕒️    │
├────────────────────────────────────────────┼────────┤
│ 0024_form_builder_phase3.sql               │ 🕒️    │
├────────────────────────────────────────────┼────────┤
│ 0025_speaker_profile_task_fields.sql       │ 🕒️    │
├────────────────────────────────────────────┼────────┤
│ 0026_speaker_roster.sql                    │ 🕒️    │
├────────────────────────────────────────────┼────────┤
│ 0027_review_assignment_recusal.sql         │ 🕒️    │
├────────────────────────────────────────────┼────────┤
│ 0028_speaker_profile_sync_backfill.sql     │ 🕒️    │
├────────────────────────────────────────────┼────────┤
│ 0029_public_embeds.sql                     │ 🕒️    │
├────────────────────────────────────────────┼────────┤
│ 0030_content_deliverables.sql              │ 🕒️    │
├────────────────────────────────────────────┼────────┤
│ 0031_review_rounds.sql                     │ 🕒️    │
├────────────────────────────────────────────┼────────┤
│ 0032_speaker_operations.sql                │ 🕒️    │
├────────────────────────────────────────────┼────────┤
│ 0033_structured_speaker_tasks.sql          │ 🕒️    │
├────────────────────────────────────────────┼────────┤
│ 0034_portal_resources.sql                  │ 🕒️    │
├────────────────────────────────────────────┼────────┤
│ 0035_accelevents_sync.sql                  │ 🕒️    │
├────────────────────────────────────────────┼────────┤
│ 0036_speaker_crm.sql                       │ 🕒️    │
├────────────────────────────────────────────┼────────┤
│ 0037_speaker_profile_identity_fields.sql   │ 🕒️    │
├────────────────────────────────────────────┼────────┤
│ 0038_organizer_submission_notify_prefs.sql │ 🕒️    │
├────────────────────────────────────────────┼────────┤
│ 0039_accelevents_auto_sync.sql             │ 🕒️    │
├────────────────────────────────────────────┼────────┤
│ 0040_event_api_tokens.sql                  │ 🕒️    │
├────────────────────────────────────────────┼────────┤
│ 0041_public_embed_status.sql               │ 🕒️    │
└────────────────────────────────────────────┴────────┘
🌀 Executing on local database conference-engine (021b5626-e4ba-44d2-bbfd-69b99d483efb) from .wrangler/state/v3/d1:
🌀 To execute on your remote database, add a --remote flag to your wrangler command.
🚣 3 commands executed successfully.
┌────────────────────────────────────────────┬────────┐
│ name                                       │ status │
├────────────────────────────────────────────┼────────┤
│ 0001_core.sql                              │ ✅     │
├────────────────────────────────────────────┼────────┤
│ 0002_speaker_tasks.sql                     │ ✅     │
├────────────────────────────────────────────┼────────┤
│ 0003_evaluation_email_agenda.sql           │ ✅     │
├────────────────────────────────────────────┼────────┤
│ 0004_event_rooms.sql                       │ ✅     │
├────────────────────────────────────────────┼────────┤
│ 0005_submission_category.sql               │ ✅     │
├────────────────────────────────────────────┼────────┤
│ 0006_reviewers.sql                         │ ✅     │
├────────────────────────────────────────────┼────────┤
│ 0007_submission_labels.sql                 │ ✅     │
├────────────────────────────────────────────┼────────┤
│ 0008_co_speakers.sql                       │ ✅     │
├────────────────────────────────────────────┼────────┤
│ 0009_review_assignments.sql                │ ✅     │
├────────────────────────────────────────────┼────────┤
│ 0010_accounts.sql                          │ ✅     │
├────────────────────────────────────────────┼────────┤
│ 0011_agenda_slot_room_id.sql               │ ✅     │
├────────────────────────────────────────────┼────────┤
│ 0012_production_hardening.sql              │ ✅     │
├────────────────────────────────────────────┼────────┤
│ 0013_final_gate_security.sql               │ ✅     │
├────────────────────────────────────────────┼────────┤
│ 0014_delivery_claim_hardening.sql          │ ✅     │
├────────────────────────────────────────────┼────────┤
│ 0015_product_foundation.sql                │ ✅     │
├────────────────────────────────────────────┼────────┤
│ 0016_self_service_configuration.sql        │ ✅     │
├────────────────────────────────────────────┼────────┤
│ 0017_cfp_lifecycle.sql                     │ ✅     │
├────────────────────────────────────────────┼────────┤
│ 0018_evaluation_workflows.sql              │ ✅     │
├────────────────────────────────────────────┼────────┤
│ 0019_communications_portal.sql             │ ✅     │
├────────────────────────────────────────────┼────────┤
│ 0020_session_lineage_media.sql             │ ✅     │
├────────────────────────────────────────────┼────────┤
│ 0021_session_materialization_claims.sql    │ ✅     │
├────────────────────────────────────────────┼────────┤
│ 0022_reviewer_email.sql                    │ ✅     │
├────────────────────────────────────────────┼────────┤
│ 0023_airtable_sync_opt_in.sql              │ ✅     │
├────────────────────────────────────────────┼────────┤
│ 0024_form_builder_phase3.sql               │ 🕒️    │
├────────────────────────────────────────────┼────────┤
│ 0025_speaker_profile_task_fields.sql       │ 🕒️    │
├────────────────────────────────────────────┼────────┤
│ 0026_speaker_roster.sql                    │ 🕒️    │
├────────────────────────────────────────────┼────────┤
│ 0027_review_assignment_recusal.sql         │ 🕒️    │
├────────────────────────────────────────────┼────────┤
│ 0028_speaker_profile_sync_backfill.sql     │ 🕒️    │
├────────────────────────────────────────────┼────────┤
│ 0029_public_embeds.sql                     │ 🕒️    │
├────────────────────────────────────────────┼────────┤
│ 0030_content_deliverables.sql              │ 🕒️    │
├────────────────────────────────────────────┼────────┤
│ 0031_review_rounds.sql                     │ 🕒️    │
├────────────────────────────────────────────┼────────┤
│ 0032_speaker_operations.sql                │ 🕒️    │
├────────────────────────────────────────────┼────────┤
│ 0033_structured_speaker_tasks.sql          │ 🕒️    │
├────────────────────────────────────────────┼────────┤
│ 0034_portal_resources.sql                  │ 🕒️    │
├────────────────────────────────────────────┼────────┤
│ 0035_accelevents_sync.sql                  │ 🕒️    │
├────────────────────────────────────────────┼────────┤
│ 0036_speaker_crm.sql                       │ 🕒️    │
├────────────────────────────────────────────┼────────┤
│ 0037_speaker_profile_identity_fields.sql   │ 🕒️    │
├────────────────────────────────────────────┼────────┤
│ 0038_organizer_submission_notify_prefs.sql │ 🕒️    │
├────────────────────────────────────────────┼────────┤
│ 0039_accelevents_auto_sync.sql             │ 🕒️    │
├────────────────────────────────────────────┼────────┤
│ 0040_event_api_tokens.sql                  │ 🕒️    │
├────────────────────────────────────────────┼────────┤
│ 0041_public_embed_status.sql               │ 🕒️    │
└────────────────────────────────────────────┴────────┘
🌀 Executing on local database conference-engine (021b5626-e4ba-44d2-bbfd-69b99d483efb) from .wrangler/state/v3/d1:
🌀 To execute on your remote database, add a --remote flag to your wrangler command.
🚣 6 commands executed successfully.
┌────────────────────────────────────────────┬────────┐
│ name                                       │ status │
├────────────────────────────────────────────┼────────┤
│ 0001_core.sql                              │ ✅     │
├────────────────────────────────────────────┼────────┤
│ 0002_speaker_tasks.sql                     │ ✅     │
├────────────────────────────────────────────┼────────┤
│ 0003_evaluation_email_agenda.sql           │ ✅     │
├────────────────────────────────────────────┼────────┤
│ 0004_event_rooms.sql                       │ ✅     │
├────────────────────────────────────────────┼────────┤
│ 0005_submission_category.sql               │ ✅     │
├────────────────────────────────────────────┼────────┤
│ 0006_reviewers.sql                         │ ✅     │
├────────────────────────────────────────────┼────────┤
│ 0007_submission_labels.sql                 │ ✅     │
├────────────────────────────────────────────┼────────┤
│ 0008_co_speakers.sql                       │ ✅     │
├────────────────────────────────────────────┼────────┤
│ 0009_review_assignments.sql                │ ✅     │
├────────────────────────────────────────────┼────────┤
│ 0010_accounts.sql                          │ ✅     │
├────────────────────────────────────────────┼────────┤
│ 0011_agenda_slot_room_id.sql               │ ✅     │
├────────────────────────────────────────────┼────────┤
│ 0012_production_hardening.sql              │ ✅     │
├────────────────────────────────────────────┼────────┤
│ 0013_final_gate_security.sql               │ ✅     │
├────────────────────────────────────────────┼────────┤
│ 0014_delivery_claim_hardening.sql          │ ✅     │
├────────────────────────────────────────────┼────────┤
│ 0015_product_foundation.sql                │ ✅     │
├────────────────────────────────────────────┼────────┤
│ 0016_self_service_configuration.sql        │ ✅     │
├────────────────────────────────────────────┼────────┤
│ 0017_cfp_lifecycle.sql                     │ ✅     │
├────────────────────────────────────────────┼────────┤
│ 0018_evaluation_workflows.sql              │ ✅     │
├────────────────────────────────────────────┼────────┤
│ 0019_communications_portal.sql             │ ✅     │
├────────────────────────────────────────────┼────────┤
│ 0020_session_lineage_media.sql             │ ✅     │
├────────────────────────────────────────────┼────────┤
│ 0021_session_materialization_claims.sql    │ ✅     │
├────────────────────────────────────────────┼────────┤
│ 0022_reviewer_email.sql                    │ ✅     │
├────────────────────────────────────────────┼────────┤
│ 0023_airtable_sync_opt_in.sql              │ ✅     │
├────────────────────────────────────────────┼────────┤
│ 0024_form_builder_phase3.sql               │ ✅     │
├────────────────────────────────────────────┼────────┤
│ 0025_speaker_profile_task_fields.sql       │ 🕒️    │
├────────────────────────────────────────────┼────────┤
│ 0026_speaker_roster.sql                    │ 🕒️    │
├────────────────────────────────────────────┼────────┤
│ 0027_review_assignment_recusal.sql         │ 🕒️    │
├────────────────────────────────────────────┼────────┤
│ 0028_speaker_profile_sync_backfill.sql     │ 🕒️    │
├────────────────────────────────────────────┼────────┤
│ 0029_public_embeds.sql                     │ 🕒️    │
├────────────────────────────────────────────┼────────┤
│ 0030_content_deliverables.sql              │ 🕒️    │
├────────────────────────────────────────────┼────────┤
│ 0031_review_rounds.sql                     │ 🕒️    │
├────────────────────────────────────────────┼────────┤
│ 0032_speaker_operations.sql                │ 🕒️    │
├────────────────────────────────────────────┼────────┤
│ 0033_structured_speaker_tasks.sql          │ 🕒️    │
├────────────────────────────────────────────┼────────┤
│ 0034_portal_resources.sql                  │ 🕒️    │
├────────────────────────────────────────────┼────────┤
│ 0035_accelevents_sync.sql                  │ 🕒️    │
├────────────────────────────────────────────┼────────┤
│ 0036_speaker_crm.sql                       │ 🕒️    │
├────────────────────────────────────────────┼────────┤
│ 0037_speaker_profile_identity_fields.sql   │ 🕒️    │
├────────────────────────────────────────────┼────────┤
│ 0038_organizer_submission_notify_prefs.sql │ 🕒️    │
├────────────────────────────────────────────┼────────┤
│ 0039_accelevents_auto_sync.sql             │ 🕒️    │
├────────────────────────────────────────────┼────────┤
│ 0040_event_api_tokens.sql                  │ 🕒️    │
├────────────────────────────────────────────┼────────┤
│ 0041_public_embed_status.sql               │ 🕒️    │
└────────────────────────────────────────────┴────────┘
🌀 Executing on local database conference-engine (021b5626-e4ba-44d2-bbfd-69b99d483efb) from .wrangler/state/v3/d1:
🌀 To execute on your remote database, add a --remote flag to your wrangler command.
🚣 8 commands executed successfully.
┌────────────────────────────────────────────┬────────┐
│ name                                       │ status │
├────────────────────────────────────────────┼────────┤
│ 0001_core.sql                              │ ✅     │
├────────────────────────────────────────────┼────────┤
│ 0002_speaker_tasks.sql                     │ ✅     │
├────────────────────────────────────────────┼────────┤
│ 0003_evaluation_email_agenda.sql           │ ✅     │
├────────────────────────────────────────────┼────────┤
│ 0004_event_rooms.sql                       │ ✅     │
├────────────────────────────────────────────┼────────┤
│ 0005_submission_category.sql               │ ✅     │
├────────────────────────────────────────────┼────────┤
│ 0006_reviewers.sql                         │ ✅     │
├────────────────────────────────────────────┼────────┤
│ 0007_submission_labels.sql                 │ ✅     │
├────────────────────────────────────────────┼────────┤
│ 0008_co_speakers.sql                       │ ✅     │
├────────────────────────────────────────────┼────────┤
│ 0009_review_assignments.sql                │ ✅     │
├────────────────────────────────────────────┼────────┤
│ 0010_accounts.sql                          │ ✅     │
├────────────────────────────────────────────┼────────┤
│ 0011_agenda_slot_room_id.sql               │ ✅     │
├────────────────────────────────────────────┼────────┤
│ 0012_production_hardening.sql              │ ✅     │
├────────────────────────────────────────────┼────────┤
│ 0013_final_gate_security.sql               │ ✅     │
├────────────────────────────────────────────┼────────┤
│ 0014_delivery_claim_hardening.sql          │ ✅     │
├────────────────────────────────────────────┼────────┤
│ 0015_product_foundation.sql                │ ✅     │
├────────────────────────────────────────────┼────────┤
│ 0016_self_service_configuration.sql        │ ✅     │
├────────────────────────────────────────────┼────────┤
│ 0017_cfp_lifecycle.sql                     │ ✅     │
├────────────────────────────────────────────┼────────┤
│ 0018_evaluation_workflows.sql              │ ✅     │
├────────────────────────────────────────────┼────────┤
│ 0019_communications_portal.sql             │ ✅     │
├────────────────────────────────────────────┼────────┤
│ 0020_session_lineage_media.sql             │ ✅     │
├────────────────────────────────────────────┼────────┤
│ 0021_session_materialization_claims.sql    │ ✅     │
├────────────────────────────────────────────┼────────┤
│ 0022_reviewer_email.sql                    │ ✅     │
├────────────────────────────────────────────┼────────┤
│ 0023_airtable_sync_opt_in.sql              │ ✅     │
├────────────────────────────────────────────┼────────┤
│ 0024_form_builder_phase3.sql               │ ✅     │
├────────────────────────────────────────────┼────────┤
│ 0025_speaker_profile_task_fields.sql       │ ✅     │
├────────────────────────────────────────────┼────────┤
│ 0026_speaker_roster.sql                    │ 🕒️    │
├────────────────────────────────────────────┼────────┤
│ 0027_review_assignment_recusal.sql         │ 🕒️    │
├────────────────────────────────────────────┼────────┤
│ 0028_speaker_profile_sync_backfill.sql     │ 🕒️    │
├────────────────────────────────────────────┼────────┤
│ 0029_public_embeds.sql                     │ 🕒️    │
├────────────────────────────────────────────┼────────┤
│ 0030_content_deliverables.sql              │ 🕒️    │
├────────────────────────────────────────────┼────────┤
│ 0031_review_rounds.sql                     │ 🕒️    │
├────────────────────────────────────────────┼────────┤
│ 0032_speaker_operations.sql                │ 🕒️    │
├────────────────────────────────────────────┼────────┤
│ 0033_structured_speaker_tasks.sql          │ 🕒️    │
├────────────────────────────────────────────┼────────┤
│ 0034_portal_resources.sql                  │ 🕒️    │
├────────────────────────────────────────────┼────────┤
│ 0035_accelevents_sync.sql                  │ 🕒️    │
├────────────────────────────────────────────┼────────┤
│ 0036_speaker_crm.sql                       │ 🕒️    │
├────────────────────────────────────────────┼────────┤
│ 0037_speaker_profile_identity_fields.sql   │ 🕒️    │
├────────────────────────────────────────────┼────────┤
│ 0038_organizer_submission_notify_prefs.sql │ 🕒️    │
├────────────────────────────────────────────┼────────┤
│ 0039_accelevents_auto_sync.sql             │ 🕒️    │
├────────────────────────────────────────────┼────────┤
│ 0040_event_api_tokens.sql                  │ 🕒️    │
├────────────────────────────────────────────┼────────┤
│ 0041_public_embed_status.sql               │ 🕒️    │
└────────────────────────────────────────────┴────────┘
🌀 Executing on local database conference-engine (021b5626-e4ba-44d2-bbfd-69b99d483efb) from .wrangler/state/v3/d1:
🌀 To execute on your remote database, add a --remote flag to your wrangler command.
🚣 4 commands executed successfully.
┌────────────────────────────────────────────┬────────┐
│ name                                       │ status │
├────────────────────────────────────────────┼────────┤
│ 0001_core.sql                              │ ✅     │
├────────────────────────────────────────────┼────────┤
│ 0002_speaker_tasks.sql                     │ ✅     │
├────────────────────────────────────────────┼────────┤
│ 0003_evaluation_email_agenda.sql           │ ✅     │
├────────────────────────────────────────────┼────────┤
│ 0004_event_rooms.sql                       │ ✅     │
├────────────────────────────────────────────┼────────┤
│ 0005_submission_category.sql               │ ✅     │
├────────────────────────────────────────────┼────────┤
│ 0006_reviewers.sql                         │ ✅     │
├────────────────────────────────────────────┼────────┤
│ 0007_submission_labels.sql                 │ ✅     │
├────────────────────────────────────────────┼────────┤
│ 0008_co_speakers.sql                       │ ✅     │
├────────────────────────────────────────────┼────────┤
│ 0009_review_assignments.sql                │ ✅     │
├────────────────────────────────────────────┼────────┤
│ 0010_accounts.sql                          │ ✅     │
├────────────────────────────────────────────┼────────┤
│ 0011_agenda_slot_room_id.sql               │ ✅     │
├────────────────────────────────────────────┼────────┤
│ 0012_production_hardening.sql              │ ✅     │
├────────────────────────────────────────────┼────────┤
│ 0013_final_gate_security.sql               │ ✅     │
├────────────────────────────────────────────┼────────┤
│ 0014_delivery_claim_hardening.sql          │ ✅     │
├────────────────────────────────────────────┼────────┤
│ 0015_product_foundation.sql                │ ✅     │
├────────────────────────────────────────────┼────────┤
│ 0016_self_service_configuration.sql        │ ✅     │
├────────────────────────────────────────────┼────────┤
│ 0017_cfp_lifecycle.sql                     │ ✅     │
├────────────────────────────────────────────┼────────┤
│ 0018_evaluation_workflows.sql              │ ✅     │
├────────────────────────────────────────────┼────────┤
│ 0019_communications_portal.sql             │ ✅     │
├────────────────────────────────────────────┼────────┤
│ 0020_session_lineage_media.sql             │ ✅     │
├────────────────────────────────────────────┼────────┤
│ 0021_session_materialization_claims.sql    │ ✅     │
├────────────────────────────────────────────┼────────┤
│ 0022_reviewer_email.sql                    │ ✅     │
├────────────────────────────────────────────┼────────┤
│ 0023_airtable_sync_opt_in.sql              │ ✅     │
├────────────────────────────────────────────┼────────┤
│ 0024_form_builder_phase3.sql               │ ✅     │
├────────────────────────────────────────────┼────────┤
│ 0025_speaker_profile_task_fields.sql       │ ✅     │
├────────────────────────────────────────────┼────────┤
│ 0026_speaker_roster.sql                    │ ✅     │
├────────────────────────────────────────────┼────────┤
│ 0027_review_assignment_recusal.sql         │ 🕒️    │
├────────────────────────────────────────────┼────────┤
│ 0028_speaker_profile_sync_backfill.sql     │ 🕒️    │
├────────────────────────────────────────────┼────────┤
│ 0029_public_embeds.sql                     │ 🕒️    │
├────────────────────────────────────────────┼────────┤
│ 0030_content_deliverables.sql              │ 🕒️    │
├────────────────────────────────────────────┼────────┤
│ 0031_review_rounds.sql                     │ 🕒️    │
├────────────────────────────────────────────┼────────┤
│ 0032_speaker_operations.sql                │ 🕒️    │
├────────────────────────────────────────────┼────────┤
│ 0033_structured_speaker_tasks.sql          │ 🕒️    │
├────────────────────────────────────────────┼────────┤
│ 0034_portal_resources.sql                  │ 🕒️    │
├────────────────────────────────────────────┼────────┤
│ 0035_accelevents_sync.sql                  │ 🕒️    │
├────────────────────────────────────────────┼────────┤
│ 0036_speaker_crm.sql                       │ 🕒️    │
├────────────────────────────────────────────┼────────┤
│ 0037_speaker_profile_identity_fields.sql   │ 🕒️    │
├────────────────────────────────────────────┼────────┤
│ 0038_organizer_submission_notify_prefs.sql │ 🕒️    │
├────────────────────────────────────────────┼────────┤
│ 0039_accelevents_auto_sync.sql             │ 🕒️    │
├────────────────────────────────────────────┼────────┤
│ 0040_event_api_tokens.sql                  │ 🕒️    │
├────────────────────────────────────────────┼────────┤
│ 0041_public_embed_status.sql               │ 🕒️    │
└────────────────────────────────────────────┴────────┘
🌀 Executing on local database conference-engine (021b5626-e4ba-44d2-bbfd-69b99d483efb) from .wrangler/state/v3/d1:
🌀 To execute on your remote database, add a --remote flag to your wrangler command.
🚣 2 commands executed successfully.
┌────────────────────────────────────────────┬────────┐
│ name                                       │ status │
├────────────────────────────────────────────┼────────┤
│ 0001_core.sql                              │ ✅     │
├────────────────────────────────────────────┼────────┤
│ 0002_speaker_tasks.sql                     │ ✅     │
├────────────────────────────────────────────┼────────┤
│ 0003_evaluation_email_agenda.sql           │ ✅     │
├────────────────────────────────────────────┼────────┤
│ 0004_event_rooms.sql                       │ ✅     │
├────────────────────────────────────────────┼────────┤
│ 0005_submission_category.sql               │ ✅     │
├────────────────────────────────────────────┼────────┤
│ 0006_reviewers.sql                         │ ✅     │
├────────────────────────────────────────────┼────────┤
│ 0007_submission_labels.sql                 │ ✅     │
├────────────────────────────────────────────┼────────┤
│ 0008_co_speakers.sql                       │ ✅     │
├────────────────────────────────────────────┼────────┤
│ 0009_review_assignments.sql                │ ✅     │
├────────────────────────────────────────────┼────────┤
│ 0010_accounts.sql                          │ ✅     │
├────────────────────────────────────────────┼────────┤
│ 0011_agenda_slot_room_id.sql               │ ✅     │
├────────────────────────────────────────────┼────────┤
│ 0012_production_hardening.sql              │ ✅     │
├────────────────────────────────────────────┼────────┤
│ 0013_final_gate_security.sql               │ ✅     │
├────────────────────────────────────────────┼────────┤
│ 0014_delivery_claim_hardening.sql          │ ✅     │
├────────────────────────────────────────────┼────────┤
│ 0015_product_foundation.sql                │ ✅     │
├────────────────────────────────────────────┼────────┤
│ 0016_self_service_configuration.sql        │ ✅     │
├────────────────────────────────────────────┼────────┤
│ 0017_cfp_lifecycle.sql                     │ ✅     │
├────────────────────────────────────────────┼────────┤
│ 0018_evaluation_workflows.sql              │ ✅     │
├────────────────────────────────────────────┼────────┤
│ 0019_communications_portal.sql             │ ✅     │
├────────────────────────────────────────────┼────────┤
│ 0020_session_lineage_media.sql             │ ✅     │
├────────────────────────────────────────────┼────────┤
│ 0021_session_materialization_claims.sql    │ ✅     │
├────────────────────────────────────────────┼────────┤
│ 0022_reviewer_email.sql                    │ ✅     │
├────────────────────────────────────────────┼────────┤
│ 0023_airtable_sync_opt_in.sql              │ ✅     │
├────────────────────────────────────────────┼────────┤
│ 0024_form_builder_phase3.sql               │ ✅     │
├────────────────────────────────────────────┼────────┤
│ 0025_speaker_profile_task_fields.sql       │ ✅     │
├────────────────────────────────────────────┼────────┤
│ 0026_speaker_roster.sql                    │ ✅     │
├────────────────────────────────────────────┼────────┤
│ 0027_review_assignment_recusal.sql         │ ✅     │
├────────────────────────────────────────────┼────────┤
│ 0028_speaker_profile_sync_backfill.sql     │ 🕒️    │
├────────────────────────────────────────────┼────────┤
│ 0029_public_embeds.sql                     │ 🕒️    │
├────────────────────────────────────────────┼────────┤
│ 0030_content_deliverables.sql              │ 🕒️    │
├────────────────────────────────────────────┼────────┤
│ 0031_review_rounds.sql                     │ 🕒️    │
├────────────────────────────────────────────┼────────┤
│ 0032_speaker_operations.sql                │ 🕒️    │
├────────────────────────────────────────────┼────────┤
│ 0033_structured_speaker_tasks.sql          │ 🕒️    │
├────────────────────────────────────────────┼────────┤
│ 0034_portal_resources.sql                  │ 🕒️    │
├────────────────────────────────────────────┼────────┤
│ 0035_accelevents_sync.sql                  │ 🕒️    │
├────────────────────────────────────────────┼────────┤
│ 0036_speaker_crm.sql                       │ 🕒️    │
├────────────────────────────────────────────┼────────┤
│ 0037_speaker_profile_identity_fields.sql   │ 🕒️    │
├────────────────────────────────────────────┼────────┤
│ 0038_organizer_submission_notify_prefs.sql │ 🕒️    │
├────────────────────────────────────────────┼────────┤
│ 0039_accelevents_auto_sync.sql             │ 🕒️    │
├────────────────────────────────────────────┼────────┤
│ 0040_event_api_tokens.sql                  │ 🕒️    │
├────────────────────────────────────────────┼────────┤
│ 0041_public_embed_status.sql               │ 🕒️    │
└────────────────────────────────────────────┴────────┘
🌀 Executing on local database conference-engine (021b5626-e4ba-44d2-bbfd-69b99d483efb) from .wrangler/state/v3/d1:
🌀 To execute on your remote database, add a --remote flag to your wrangler command.
🚣 4 commands executed successfully.
┌────────────────────────────────────────────┬────────┐
│ name                                       │ status │
├────────────────────────────────────────────┼────────┤
│ 0001_core.sql                              │ ✅     │
├────────────────────────────────────────────┼────────┤
│ 0002_speaker_tasks.sql                     │ ✅     │
├────────────────────────────────────────────┼────────┤
│ 0003_evaluation_email_agenda.sql           │ ✅     │
├────────────────────────────────────────────┼────────┤
│ 0004_event_rooms.sql                       │ ✅     │
├────────────────────────────────────────────┼────────┤
│ 0005_submission_category.sql               │ ✅     │
├────────────────────────────────────────────┼────────┤
│ 0006_reviewers.sql                         │ ✅     │
├────────────────────────────────────────────┼────────┤
│ 0007_submission_labels.sql                 │ ✅     │
├────────────────────────────────────────────┼────────┤
│ 0008_co_speakers.sql                       │ ✅     │
├────────────────────────────────────────────┼────────┤
│ 0009_review_assignments.sql                │ ✅     │
├────────────────────────────────────────────┼────────┤
│ 0010_accounts.sql                          │ ✅     │
├────────────────────────────────────────────┼────────┤
│ 0011_agenda_slot_room_id.sql               │ ✅     │
├────────────────────────────────────────────┼────────┤
│ 0012_production_hardening.sql              │ ✅     │
├────────────────────────────────────────────┼────────┤
│ 0013_final_gate_security.sql               │ ✅     │
├────────────────────────────────────────────┼────────┤
│ 0014_delivery_claim_hardening.sql          │ ✅     │
├────────────────────────────────────────────┼────────┤
│ 0015_product_foundation.sql                │ ✅     │
├────────────────────────────────────────────┼────────┤
│ 0016_self_service_configuration.sql        │ ✅     │
├────────────────────────────────────────────┼────────┤
│ 0017_cfp_lifecycle.sql                     │ ✅     │
├────────────────────────────────────────────┼────────┤
│ 0018_evaluation_workflows.sql              │ ✅     │
├────────────────────────────────────────────┼────────┤
│ 0019_communications_portal.sql             │ ✅     │
├────────────────────────────────────────────┼────────┤
│ 0020_session_lineage_media.sql             │ ✅     │
├────────────────────────────────────────────┼────────┤
│ 0021_session_materialization_claims.sql    │ ✅     │
├────────────────────────────────────────────┼────────┤
│ 0022_reviewer_email.sql                    │ ✅     │
├────────────────────────────────────────────┼────────┤
│ 0023_airtable_sync_opt_in.sql              │ ✅     │
├────────────────────────────────────────────┼────────┤
│ 0024_form_builder_phase3.sql               │ ✅     │
├────────────────────────────────────────────┼────────┤
│ 0025_speaker_profile_task_fields.sql       │ ✅     │
├────────────────────────────────────────────┼────────┤
│ 0026_speaker_roster.sql                    │ ✅     │
├────────────────────────────────────────────┼────────┤
│ 0027_review_assignment_recusal.sql         │ ✅     │
├────────────────────────────────────────────┼────────┤
│ 0028_speaker_profile_sync_backfill.sql     │ ✅     │
├────────────────────────────────────────────┼────────┤
│ 0029_public_embeds.sql                     │ 🕒️    │
├────────────────────────────────────────────┼────────┤
│ 0030_content_deliverables.sql              │ 🕒️    │
├────────────────────────────────────────────┼────────┤
│ 0031_review_rounds.sql                     │ 🕒️    │
├────────────────────────────────────────────┼────────┤
│ 0032_speaker_operations.sql                │ 🕒️    │
├────────────────────────────────────────────┼────────┤
│ 0033_structured_speaker_tasks.sql          │ 🕒️    │
├────────────────────────────────────────────┼────────┤
│ 0034_portal_resources.sql                  │ 🕒️    │
├────────────────────────────────────────────┼────────┤
│ 0035_accelevents_sync.sql                  │ 🕒️    │
├────────────────────────────────────────────┼────────┤
│ 0036_speaker_crm.sql                       │ 🕒️    │
├────────────────────────────────────────────┼────────┤
│ 0037_speaker_profile_identity_fields.sql   │ 🕒️    │
├────────────────────────────────────────────┼────────┤
│ 0038_organizer_submission_notify_prefs.sql │ 🕒️    │
├────────────────────────────────────────────┼────────┤
│ 0039_accelevents_auto_sync.sql             │ 🕒️    │
├────────────────────────────────────────────┼────────┤
│ 0040_event_api_tokens.sql                  │ 🕒️    │
├────────────────────────────────────────────┼────────┤
│ 0041_public_embed_status.sql               │ 🕒️    │
└────────────────────────────────────────────┴────────┘
🌀 Executing on local database conference-engine (021b5626-e4ba-44d2-bbfd-69b99d483efb) from .wrangler/state/v3/d1:
🌀 To execute on your remote database, add a --remote flag to your wrangler command.
🚣 3 commands executed successfully.
┌────────────────────────────────────────────┬────────┐
│ name                                       │ status │
├────────────────────────────────────────────┼────────┤
│ 0001_core.sql                              │ ✅     │
├────────────────────────────────────────────┼────────┤
│ 0002_speaker_tasks.sql                     │ ✅     │
├────────────────────────────────────────────┼────────┤
│ 0003_evaluation_email_agenda.sql           │ ✅     │
├────────────────────────────────────────────┼────────┤
│ 0004_event_rooms.sql                       │ ✅     │
├────────────────────────────────────────────┼────────┤
│ 0005_submission_category.sql               │ ✅     │
├────────────────────────────────────────────┼────────┤
│ 0006_reviewers.sql                         │ ✅     │
├────────────────────────────────────────────┼────────┤
│ 0007_submission_labels.sql                 │ ✅     │
├────────────────────────────────────────────┼────────┤
│ 0008_co_speakers.sql                       │ ✅     │
├────────────────────────────────────────────┼────────┤
│ 0009_review_assignments.sql                │ ✅     │
├────────────────────────────────────────────┼────────┤
│ 0010_accounts.sql                          │ ✅     │
├────────────────────────────────────────────┼────────┤
│ 0011_agenda_slot_room_id.sql               │ ✅     │
├────────────────────────────────────────────┼────────┤
│ 0012_production_hardening.sql              │ ✅     │
├────────────────────────────────────────────┼────────┤
│ 0013_final_gate_security.sql               │ ✅     │
├────────────────────────────────────────────┼────────┤
│ 0014_delivery_claim_hardening.sql          │ ✅     │
├────────────────────────────────────────────┼────────┤
│ 0015_product_foundation.sql                │ ✅     │
├────────────────────────────────────────────┼────────┤
│ 0016_self_service_configuration.sql        │ ✅     │
├────────────────────────────────────────────┼────────┤
│ 0017_cfp_lifecycle.sql                     │ ✅     │
├────────────────────────────────────────────┼────────┤
│ 0018_evaluation_workflows.sql              │ ✅     │
├────────────────────────────────────────────┼────────┤
│ 0019_communications_portal.sql             │ ✅     │
├────────────────────────────────────────────┼────────┤
│ 0020_session_lineage_media.sql             │ ✅     │
├────────────────────────────────────────────┼────────┤
│ 0021_session_materialization_claims.sql    │ ✅     │
├────────────────────────────────────────────┼────────┤
│ 0022_reviewer_email.sql                    │ ✅     │
├────────────────────────────────────────────┼────────┤
│ 0023_airtable_sync_opt_in.sql              │ ✅     │
├────────────────────────────────────────────┼────────┤
│ 0024_form_builder_phase3.sql               │ ✅     │
├────────────────────────────────────────────┼────────┤
│ 0025_speaker_profile_task_fields.sql       │ ✅     │
├────────────────────────────────────────────┼────────┤
│ 0026_speaker_roster.sql                    │ ✅     │
├────────────────────────────────────────────┼────────┤
│ 0027_review_assignment_recusal.sql         │ ✅     │
├────────────────────────────────────────────┼────────┤
│ 0028_speaker_profile_sync_backfill.sql     │ ✅     │
├────────────────────────────────────────────┼────────┤
│ 0029_public_embeds.sql                     │ ✅     │
├────────────────────────────────────────────┼────────┤
│ 0030_content_deliverables.sql              │ 🕒️    │
├────────────────────────────────────────────┼────────┤
│ 0031_review_rounds.sql                     │ 🕒️    │
├────────────────────────────────────────────┼────────┤
│ 0032_speaker_operations.sql                │ 🕒️    │
├────────────────────────────────────────────┼────────┤
│ 0033_structured_speaker_tasks.sql          │ 🕒️    │
├────────────────────────────────────────────┼────────┤
│ 0034_portal_resources.sql                  │ 🕒️    │
├────────────────────────────────────────────┼────────┤
│ 0035_accelevents_sync.sql                  │ 🕒️    │
├────────────────────────────────────────────┼────────┤
│ 0036_speaker_crm.sql                       │ 🕒️    │
├────────────────────────────────────────────┼────────┤
│ 0037_speaker_profile_identity_fields.sql   │ 🕒️    │
├────────────────────────────────────────────┼────────┤
│ 0038_organizer_submission_notify_prefs.sql │ 🕒️    │
├────────────────────────────────────────────┼────────┤
│ 0039_accelevents_auto_sync.sql             │ 🕒️    │
├────────────────────────────────────────────┼────────┤
│ 0040_event_api_tokens.sql                  │ 🕒️    │
├────────────────────────────────────────────┼────────┤
│ 0041_public_embed_status.sql               │ 🕒️    │
└────────────────────────────────────────────┴────────┘
🌀 Executing on local database conference-engine (021b5626-e4ba-44d2-bbfd-69b99d483efb) from .wrangler/state/v3/d1:
🌀 To execute on your remote database, add a --remote flag to your wrangler command.
🚣 15 commands executed successfully.
┌────────────────────────────────────────────┬────────┐
│ name                                       │ status │
├────────────────────────────────────────────┼────────┤
│ 0001_core.sql                              │ ✅     │
├────────────────────────────────────────────┼────────┤
│ 0002_speaker_tasks.sql                     │ ✅     │
├────────────────────────────────────────────┼────────┤
│ 0003_evaluation_email_agenda.sql           │ ✅     │
├────────────────────────────────────────────┼────────┤
│ 0004_event_rooms.sql                       │ ✅     │
├────────────────────────────────────────────┼────────┤
│ 0005_submission_category.sql               │ ✅     │
├────────────────────────────────────────────┼────────┤
│ 0006_reviewers.sql                         │ ✅     │
├────────────────────────────────────────────┼────────┤
│ 0007_submission_labels.sql                 │ ✅     │
├────────────────────────────────────────────┼────────┤
│ 0008_co_speakers.sql                       │ ✅     │
├────────────────────────────────────────────┼────────┤
│ 0009_review_assignments.sql                │ ✅     │
├────────────────────────────────────────────┼────────┤
│ 0010_accounts.sql                          │ ✅     │
├────────────────────────────────────────────┼────────┤
│ 0011_agenda_slot_room_id.sql               │ ✅     │
├────────────────────────────────────────────┼────────┤
│ 0012_production_hardening.sql              │ ✅     │
├────────────────────────────────────────────┼────────┤
│ 0013_final_gate_security.sql               │ ✅     │
├────────────────────────────────────────────┼────────┤
│ 0014_delivery_claim_hardening.sql          │ ✅     │
├────────────────────────────────────────────┼────────┤
│ 0015_product_foundation.sql                │ ✅     │
├────────────────────────────────────────────┼────────┤
│ 0016_self_service_configuration.sql        │ ✅     │
├────────────────────────────────────────────┼────────┤
│ 0017_cfp_lifecycle.sql                     │ ✅     │
├────────────────────────────────────────────┼────────┤
│ 0018_evaluation_workflows.sql              │ ✅     │
├────────────────────────────────────────────┼────────┤
│ 0019_communications_portal.sql             │ ✅     │
├────────────────────────────────────────────┼────────┤
│ 0020_session_lineage_media.sql             │ ✅     │
├────────────────────────────────────────────┼────────┤
│ 0021_session_materialization_claims.sql    │ ✅     │
├────────────────────────────────────────────┼────────┤
│ 0022_reviewer_email.sql                    │ ✅     │
├────────────────────────────────────────────┼────────┤
│ 0023_airtable_sync_opt_in.sql              │ ✅     │
├────────────────────────────────────────────┼────────┤
│ 0024_form_builder_phase3.sql               │ ✅     │
├────────────────────────────────────────────┼────────┤
│ 0025_speaker_profile_task_fields.sql       │ ✅     │
├────────────────────────────────────────────┼────────┤
│ 0026_speaker_roster.sql                    │ ✅     │
├────────────────────────────────────────────┼────────┤
│ 0027_review_assignment_recusal.sql         │ ✅     │
├────────────────────────────────────────────┼────────┤
│ 0028_speaker_profile_sync_backfill.sql     │ ✅     │
├────────────────────────────────────────────┼────────┤
│ 0029_public_embeds.sql                     │ ✅     │
├────────────────────────────────────────────┼────────┤
│ 0030_content_deliverables.sql              │ ✅     │
├────────────────────────────────────────────┼────────┤
│ 0031_review_rounds.sql                     │ 🕒️    │
├────────────────────────────────────────────┼────────┤
│ 0032_speaker_operations.sql                │ 🕒️    │
├────────────────────────────────────────────┼────────┤
│ 0033_structured_speaker_tasks.sql          │ 🕒️    │
├────────────────────────────────────────────┼────────┤
│ 0034_portal_resources.sql                  │ 🕒️    │
├────────────────────────────────────────────┼────────┤
│ 0035_accelevents_sync.sql                  │ 🕒️    │
├────────────────────────────────────────────┼────────┤
│ 0036_speaker_crm.sql                       │ 🕒️    │
├────────────────────────────────────────────┼────────┤
│ 0037_speaker_profile_identity_fields.sql   │ 🕒️    │
├────────────────────────────────────────────┼────────┤
│ 0038_organizer_submission_notify_prefs.sql │ 🕒️    │
├────────────────────────────────────────────┼────────┤
│ 0039_accelevents_auto_sync.sql             │ 🕒️    │
├────────────────────────────────────────────┼────────┤
│ 0040_event_api_tokens.sql                  │ 🕒️    │
├────────────────────────────────────────────┼────────┤
│ 0041_public_embed_status.sql               │ 🕒️    │
└────────────────────────────────────────────┴────────┘
🌀 Executing on local database conference-engine (021b5626-e4ba-44d2-bbfd-69b99d483efb) from .wrangler/state/v3/d1:
🌀 To execute on your remote database, add a --remote flag to your wrangler command.
🚣 21 commands executed successfully.
┌────────────────────────────────────────────┬────────┐
│ name                                       │ status │
├────────────────────────────────────────────┼────────┤
│ 0001_core.sql                              │ ✅     │
├────────────────────────────────────────────┼────────┤
│ 0002_speaker_tasks.sql                     │ ✅     │
├────────────────────────────────────────────┼────────┤
│ 0003_evaluation_email_agenda.sql           │ ✅     │
├────────────────────────────────────────────┼────────┤
│ 0004_event_rooms.sql                       │ ✅     │
├────────────────────────────────────────────┼────────┤
│ 0005_submission_category.sql               │ ✅     │
├────────────────────────────────────────────┼────────┤
│ 0006_reviewers.sql                         │ ✅     │
├────────────────────────────────────────────┼────────┤
│ 0007_submission_labels.sql                 │ ✅     │
├────────────────────────────────────────────┼────────┤
│ 0008_co_speakers.sql                       │ ✅     │
├────────────────────────────────────────────┼────────┤
│ 0009_review_assignments.sql                │ ✅     │
├────────────────────────────────────────────┼────────┤
│ 0010_accounts.sql                          │ ✅     │
├────────────────────────────────────────────┼────────┤
│ 0011_agenda_slot_room_id.sql               │ ✅     │
├────────────────────────────────────────────┼────────┤
│ 0012_production_hardening.sql              │ ✅     │
├────────────────────────────────────────────┼────────┤
│ 0013_final_gate_security.sql               │ ✅     │
├────────────────────────────────────────────┼────────┤
│ 0014_delivery_claim_hardening.sql          │ ✅     │
├────────────────────────────────────────────┼────────┤
│ 0015_product_foundation.sql                │ ✅     │
├────────────────────────────────────────────┼────────┤
│ 0016_self_service_configuration.sql        │ ✅     │
├────────────────────────────────────────────┼────────┤
│ 0017_cfp_lifecycle.sql                     │ ✅     │
├────────────────────────────────────────────┼────────┤
│ 0018_evaluation_workflows.sql              │ ✅     │
├────────────────────────────────────────────┼────────┤
│ 0019_communications_portal.sql             │ ✅     │
├────────────────────────────────────────────┼────────┤
│ 0020_session_lineage_media.sql             │ ✅     │
├────────────────────────────────────────────┼────────┤
│ 0021_session_materialization_claims.sql    │ ✅     │
├────────────────────────────────────────────┼────────┤
│ 0022_reviewer_email.sql                    │ ✅     │
├────────────────────────────────────────────┼────────┤
│ 0023_airtable_sync_opt_in.sql              │ ✅     │
├────────────────────────────────────────────┼────────┤
│ 0024_form_builder_phase3.sql               │ ✅     │
├────────────────────────────────────────────┼────────┤
│ 0025_speaker_profile_task_fields.sql       │ ✅     │
├────────────────────────────────────────────┼────────┤
│ 0026_speaker_roster.sql                    │ ✅     │
├────────────────────────────────────────────┼────────┤
│ 0027_review_assignment_recusal.sql         │ ✅     │
├────────────────────────────────────────────┼────────┤
│ 0028_speaker_profile_sync_backfill.sql     │ ✅     │
├────────────────────────────────────────────┼────────┤
│ 0029_public_embeds.sql                     │ ✅     │
├────────────────────────────────────────────┼────────┤
│ 0030_content_deliverables.sql              │ ✅     │
├────────────────────────────────────────────┼────────┤
│ 0031_review_rounds.sql                     │ ✅     │
├────────────────────────────────────────────┼────────┤
│ 0032_speaker_operations.sql                │ 🕒️    │
├────────────────────────────────────────────┼────────┤
│ 0033_structured_speaker_tasks.sql          │ 🕒️    │
├────────────────────────────────────────────┼────────┤
│ 0034_portal_resources.sql                  │ 🕒️    │
├────────────────────────────────────────────┼────────┤
│ 0035_accelevents_sync.sql                  │ 🕒️    │
├────────────────────────────────────────────┼────────┤
│ 0036_speaker_crm.sql                       │ 🕒️    │
├────────────────────────────────────────────┼────────┤
│ 0037_speaker_profile_identity_fields.sql   │ 🕒️    │
├────────────────────────────────────────────┼────────┤
│ 0038_organizer_submission_notify_prefs.sql │ 🕒️    │
├────────────────────────────────────────────┼────────┤
│ 0039_accelevents_auto_sync.sql             │ 🕒️    │
├────────────────────────────────────────────┼────────┤
│ 0040_event_api_tokens.sql                  │ 🕒️    │
├────────────────────────────────────────────┼────────┤
│ 0041_public_embed_status.sql               │ 🕒️    │
└────────────────────────────────────────────┴────────┘
🌀 Executing on local database conference-engine (021b5626-e4ba-44d2-bbfd-69b99d483efb) from .wrangler/state/v3/d1:
🌀 To execute on your remote database, add a --remote flag to your wrangler command.
🚣 9 commands executed successfully.
┌────────────────────────────────────────────┬────────┐
│ name                                       │ status │
├────────────────────────────────────────────┼────────┤
│ 0001_core.sql                              │ ✅     │
├────────────────────────────────────────────┼────────┤
│ 0002_speaker_tasks.sql                     │ ✅     │
├────────────────────────────────────────────┼────────┤
│ 0003_evaluation_email_agenda.sql           │ ✅     │
├────────────────────────────────────────────┼────────┤
│ 0004_event_rooms.sql                       │ ✅     │
├────────────────────────────────────────────┼────────┤
│ 0005_submission_category.sql               │ ✅     │
├────────────────────────────────────────────┼────────┤
│ 0006_reviewers.sql                         │ ✅     │
├────────────────────────────────────────────┼────────┤
│ 0007_submission_labels.sql                 │ ✅     │
├────────────────────────────────────────────┼────────┤
│ 0008_co_speakers.sql                       │ ✅     │
├────────────────────────────────────────────┼────────┤
│ 0009_review_assignments.sql                │ ✅     │
├────────────────────────────────────────────┼────────┤
│ 0010_accounts.sql                          │ ✅     │
├────────────────────────────────────────────┼────────┤
│ 0011_agenda_slot_room_id.sql               │ ✅     │
├────────────────────────────────────────────┼────────┤
│ 0012_production_hardening.sql              │ ✅     │
├────────────────────────────────────────────┼────────┤
│ 0013_final_gate_security.sql               │ ✅     │
├────────────────────────────────────────────┼────────┤
│ 0014_delivery_claim_hardening.sql          │ ✅     │
├────────────────────────────────────────────┼────────┤
│ 0015_product_foundation.sql                │ ✅     │
├────────────────────────────────────────────┼────────┤
│ 0016_self_service_configuration.sql        │ ✅     │
├────────────────────────────────────────────┼────────┤
│ 0017_cfp_lifecycle.sql                     │ ✅     │
├────────────────────────────────────────────┼────────┤
│ 0018_evaluation_workflows.sql              │ ✅     │
├────────────────────────────────────────────┼────────┤
│ 0019_communications_portal.sql             │ ✅     │
├────────────────────────────────────────────┼────────┤
│ 0020_session_lineage_media.sql             │ ✅     │
├────────────────────────────────────────────┼────────┤
│ 0021_session_materialization_claims.sql    │ ✅     │
├────────────────────────────────────────────┼────────┤
│ 0022_reviewer_email.sql                    │ ✅     │
├────────────────────────────────────────────┼────────┤
│ 0023_airtable_sync_opt_in.sql              │ ✅     │
├────────────────────────────────────────────┼────────┤
│ 0024_form_builder_phase3.sql               │ ✅     │
├────────────────────────────────────────────┼────────┤
│ 0025_speaker_profile_task_fields.sql       │ ✅     │
├────────────────────────────────────────────┼────────┤
│ 0026_speaker_roster.sql                    │ ✅     │
├────────────────────────────────────────────┼────────┤
│ 0027_review_assignment_recusal.sql         │ ✅     │
├────────────────────────────────────────────┼────────┤
│ 0028_speaker_profile_sync_backfill.sql     │ ✅     │
├────────────────────────────────────────────┼────────┤
│ 0029_public_embeds.sql                     │ ✅     │
├────────────────────────────────────────────┼────────┤
│ 0030_content_deliverables.sql              │ ✅     │
├────────────────────────────────────────────┼────────┤
│ 0031_review_rounds.sql                     │ ✅     │
├────────────────────────────────────────────┼────────┤
│ 0032_speaker_operations.sql                │ ✅     │
├────────────────────────────────────────────┼────────┤
│ 0033_structured_speaker_tasks.sql          │ 🕒️    │
├────────────────────────────────────────────┼────────┤
│ 0034_portal_resources.sql                  │ 🕒️    │
├────────────────────────────────────────────┼────────┤
│ 0035_accelevents_sync.sql                  │ 🕒️    │
├────────────────────────────────────────────┼────────┤
│ 0036_speaker_crm.sql                       │ 🕒️    │
├────────────────────────────────────────────┼────────┤
│ 0037_speaker_profile_identity_fields.sql   │ 🕒️    │
├────────────────────────────────────────────┼────────┤
│ 0038_organizer_submission_notify_prefs.sql │ 🕒️    │
├────────────────────────────────────────────┼────────┤
│ 0039_accelevents_auto_sync.sql             │ 🕒️    │
├────────────────────────────────────────────┼────────┤
│ 0040_event_api_tokens.sql                  │ 🕒️    │
├────────────────────────────────────────────┼────────┤
│ 0041_public_embed_status.sql               │ 🕒️    │
└────────────────────────────────────────────┴────────┘
🌀 Executing on local database conference-engine (021b5626-e4ba-44d2-bbfd-69b99d483efb) from .wrangler/state/v3/d1:
🌀 To execute on your remote database, add a --remote flag to your wrangler command.
🚣 3 commands executed successfully.
┌────────────────────────────────────────────┬────────┐
│ name                                       │ status │
├────────────────────────────────────────────┼────────┤
│ 0001_core.sql                              │ ✅     │
├────────────────────────────────────────────┼────────┤
│ 0002_speaker_tasks.sql                     │ ✅     │
├────────────────────────────────────────────┼────────┤
│ 0003_evaluation_email_agenda.sql           │ ✅     │
├────────────────────────────────────────────┼────────┤
│ 0004_event_rooms.sql                       │ ✅     │
├────────────────────────────────────────────┼────────┤
│ 0005_submission_category.sql               │ ✅     │
├────────────────────────────────────────────┼────────┤
│ 0006_reviewers.sql                         │ ✅     │
├────────────────────────────────────────────┼────────┤
│ 0007_submission_labels.sql                 │ ✅     │
├────────────────────────────────────────────┼────────┤
│ 0008_co_speakers.sql                       │ ✅     │
├────────────────────────────────────────────┼────────┤
│ 0009_review_assignments.sql                │ ✅     │
├────────────────────────────────────────────┼────────┤
│ 0010_accounts.sql                          │ ✅     │
├────────────────────────────────────────────┼────────┤
│ 0011_agenda_slot_room_id.sql               │ ✅     │
├────────────────────────────────────────────┼────────┤
│ 0012_production_hardening.sql              │ ✅     │
├────────────────────────────────────────────┼────────┤
│ 0013_final_gate_security.sql               │ ✅     │
├────────────────────────────────────────────┼────────┤
│ 0014_delivery_claim_hardening.sql          │ ✅     │
├────────────────────────────────────────────┼────────┤
│ 0015_product_foundation.sql                │ ✅     │
├────────────────────────────────────────────┼────────┤
│ 0016_self_service_configuration.sql        │ ✅     │
├────────────────────────────────────────────┼────────┤
│ 0017_cfp_lifecycle.sql                     │ ✅     │
├────────────────────────────────────────────┼────────┤
│ 0018_evaluation_workflows.sql              │ ✅     │
├────────────────────────────────────────────┼────────┤
│ 0019_communications_portal.sql             │ ✅     │
├────────────────────────────────────────────┼────────┤
│ 0020_session_lineage_media.sql             │ ✅     │
├────────────────────────────────────────────┼────────┤
│ 0021_session_materialization_claims.sql    │ ✅     │
├────────────────────────────────────────────┼────────┤
│ 0022_reviewer_email.sql                    │ ✅     │
├────────────────────────────────────────────┼────────┤
│ 0023_airtable_sync_opt_in.sql              │ ✅     │
├────────────────────────────────────────────┼────────┤
│ 0024_form_builder_phase3.sql               │ ✅     │
├────────────────────────────────────────────┼────────┤
│ 0025_speaker_profile_task_fields.sql       │ ✅     │
├────────────────────────────────────────────┼────────┤
│ 0026_speaker_roster.sql                    │ ✅     │
├────────────────────────────────────────────┼────────┤
│ 0027_review_assignment_recusal.sql         │ ✅     │
├────────────────────────────────────────────┼────────┤
│ 0028_speaker_profile_sync_backfill.sql     │ ✅     │
├────────────────────────────────────────────┼────────┤
│ 0029_public_embeds.sql                     │ ✅     │
├────────────────────────────────────────────┼────────┤
│ 0030_content_deliverables.sql              │ ✅     │
├────────────────────────────────────────────┼────────┤
│ 0031_review_rounds.sql                     │ ✅     │
├────────────────────────────────────────────┼────────┤
│ 0032_speaker_operations.sql                │ ✅     │
├────────────────────────────────────────────┼────────┤
│ 0033_structured_speaker_tasks.sql          │ ✅     │
├────────────────────────────────────────────┼────────┤
│ 0034_portal_resources.sql                  │ 🕒️    │
├────────────────────────────────────────────┼────────┤
│ 0035_accelevents_sync.sql                  │ 🕒️    │
├────────────────────────────────────────────┼────────┤
│ 0036_speaker_crm.sql                       │ 🕒️    │
├────────────────────────────────────────────┼────────┤
│ 0037_speaker_profile_identity_fields.sql   │ 🕒️    │
├────────────────────────────────────────────┼────────┤
│ 0038_organizer_submission_notify_prefs.sql │ 🕒️    │
├────────────────────────────────────────────┼────────┤
│ 0039_accelevents_auto_sync.sql             │ 🕒️    │
├────────────────────────────────────────────┼────────┤
│ 0040_event_api_tokens.sql                  │ 🕒️    │
├────────────────────────────────────────────┼────────┤
│ 0041_public_embed_status.sql               │ 🕒️    │
└────────────────────────────────────────────┴────────┘
🌀 Executing on local database conference-engine (021b5626-e4ba-44d2-bbfd-69b99d483efb) from .wrangler/state/v3/d1:
🌀 To execute on your remote database, add a --remote flag to your wrangler command.
🚣 4 commands executed successfully.
┌────────────────────────────────────────────┬────────┐
│ name                                       │ status │
├────────────────────────────────────────────┼────────┤
│ 0001_core.sql                              │ ✅     │
├────────────────────────────────────────────┼────────┤
│ 0002_speaker_tasks.sql                     │ ✅     │
├────────────────────────────────────────────┼────────┤
│ 0003_evaluation_email_agenda.sql           │ ✅     │
├────────────────────────────────────────────┼────────┤
│ 0004_event_rooms.sql                       │ ✅     │
├────────────────────────────────────────────┼────────┤
│ 0005_submission_category.sql               │ ✅     │
├────────────────────────────────────────────┼────────┤
│ 0006_reviewers.sql                         │ ✅     │
├────────────────────────────────────────────┼────────┤
│ 0007_submission_labels.sql                 │ ✅     │
├────────────────────────────────────────────┼────────┤
│ 0008_co_speakers.sql                       │ ✅     │
├────────────────────────────────────────────┼────────┤
│ 0009_review_assignments.sql                │ ✅     │
├────────────────────────────────────────────┼────────┤
│ 0010_accounts.sql                          │ ✅     │
├────────────────────────────────────────────┼────────┤
│ 0011_agenda_slot_room_id.sql               │ ✅     │
├────────────────────────────────────────────┼────────┤
│ 0012_production_hardening.sql              │ ✅     │
├────────────────────────────────────────────┼────────┤
│ 0013_final_gate_security.sql               │ ✅     │
├────────────────────────────────────────────┼────────┤
│ 0014_delivery_claim_hardening.sql          │ ✅     │
├────────────────────────────────────────────┼────────┤
│ 0015_product_foundation.sql                │ ✅     │
├────────────────────────────────────────────┼────────┤
│ 0016_self_service_configuration.sql        │ ✅     │
├────────────────────────────────────────────┼────────┤
│ 0017_cfp_lifecycle.sql                     │ ✅     │
├────────────────────────────────────────────┼────────┤
│ 0018_evaluation_workflows.sql              │ ✅     │
├────────────────────────────────────────────┼────────┤
│ 0019_communications_portal.sql             │ ✅     │
├────────────────────────────────────────────┼────────┤
│ 0020_session_lineage_media.sql             │ ✅     │
├────────────────────────────────────────────┼────────┤
│ 0021_session_materialization_claims.sql    │ ✅     │
├────────────────────────────────────────────┼────────┤
│ 0022_reviewer_email.sql                    │ ✅     │
├────────────────────────────────────────────┼────────┤
│ 0023_airtable_sync_opt_in.sql              │ ✅     │
├────────────────────────────────────────────┼────────┤
│ 0024_form_builder_phase3.sql               │ ✅     │
├────────────────────────────────────────────┼────────┤
│ 0025_speaker_profile_task_fields.sql       │ ✅     │
├────────────────────────────────────────────┼────────┤
│ 0026_speaker_roster.sql                    │ ✅     │
├────────────────────────────────────────────┼────────┤
│ 0027_review_assignment_recusal.sql         │ ✅     │
├────────────────────────────────────────────┼────────┤
│ 0028_speaker_profile_sync_backfill.sql     │ ✅     │
├────────────────────────────────────────────┼────────┤
│ 0029_public_embeds.sql                     │ ✅     │
├────────────────────────────────────────────┼────────┤
│ 0030_content_deliverables.sql              │ ✅     │
├────────────────────────────────────────────┼────────┤
│ 0031_review_rounds.sql                     │ ✅     │
├────────────────────────────────────────────┼────────┤
│ 0032_speaker_operations.sql                │ ✅     │
├────────────────────────────────────────────┼────────┤
│ 0033_structured_speaker_tasks.sql          │ ✅     │
├────────────────────────────────────────────┼────────┤
│ 0034_portal_resources.sql                  │ ✅     │
├────────────────────────────────────────────┼────────┤
│ 0035_accelevents_sync.sql                  │ 🕒️    │
├────────────────────────────────────────────┼────────┤
│ 0036_speaker_crm.sql                       │ 🕒️    │
├────────────────────────────────────────────┼────────┤
│ 0037_speaker_profile_identity_fields.sql   │ 🕒️    │
├────────────────────────────────────────────┼────────┤
│ 0038_organizer_submission_notify_prefs.sql │ 🕒️    │
├────────────────────────────────────────────┼────────┤
│ 0039_accelevents_auto_sync.sql             │ 🕒️    │
├────────────────────────────────────────────┼────────┤
│ 0040_event_api_tokens.sql                  │ 🕒️    │
├────────────────────────────────────────────┼────────┤
│ 0041_public_embed_status.sql               │ 🕒️    │
└────────────────────────────────────────────┴────────┘
🌀 Executing on local database conference-engine (021b5626-e4ba-44d2-bbfd-69b99d483efb) from .wrangler/state/v3/d1:
🌀 To execute on your remote database, add a --remote flag to your wrangler command.
🚣 4 commands executed successfully.
┌────────────────────────────────────────────┬────────┐
│ name                                       │ status │
├────────────────────────────────────────────┼────────┤
│ 0001_core.sql                              │ ✅     │
├────────────────────────────────────────────┼────────┤
│ 0002_speaker_tasks.sql                     │ ✅     │
├────────────────────────────────────────────┼────────┤
│ 0003_evaluation_email_agenda.sql           │ ✅     │
├────────────────────────────────────────────┼────────┤
│ 0004_event_rooms.sql                       │ ✅     │
├────────────────────────────────────────────┼────────┤
│ 0005_submission_category.sql               │ ✅     │
├────────────────────────────────────────────┼────────┤
│ 0006_reviewers.sql                         │ ✅     │
├────────────────────────────────────────────┼────────┤
│ 0007_submission_labels.sql                 │ ✅     │
├────────────────────────────────────────────┼────────┤
│ 0008_co_speakers.sql                       │ ✅     │
├────────────────────────────────────────────┼────────┤
│ 0009_review_assignments.sql                │ ✅     │
├────────────────────────────────────────────┼────────┤
│ 0010_accounts.sql                          │ ✅     │
├────────────────────────────────────────────┼────────┤
│ 0011_agenda_slot_room_id.sql               │ ✅     │
├────────────────────────────────────────────┼────────┤
│ 0012_production_hardening.sql              │ ✅     │
├────────────────────────────────────────────┼────────┤
│ 0013_final_gate_security.sql               │ ✅     │
├────────────────────────────────────────────┼────────┤
│ 0014_delivery_claim_hardening.sql          │ ✅     │
├────────────────────────────────────────────┼────────┤
│ 0015_product_foundation.sql                │ ✅     │
├────────────────────────────────────────────┼────────┤
│ 0016_self_service_configuration.sql        │ ✅     │
├────────────────────────────────────────────┼────────┤
│ 0017_cfp_lifecycle.sql                     │ ✅     │
├────────────────────────────────────────────┼────────┤
│ 0018_evaluation_workflows.sql              │ ✅     │
├────────────────────────────────────────────┼────────┤
│ 0019_communications_portal.sql             │ ✅     │
├────────────────────────────────────────────┼────────┤
│ 0020_session_lineage_media.sql             │ ✅     │
├────────────────────────────────────────────┼────────┤
│ 0021_session_materialization_claims.sql    │ ✅     │
├────────────────────────────────────────────┼────────┤
│ 0022_reviewer_email.sql                    │ ✅     │
├────────────────────────────────────────────┼────────┤
│ 0023_airtable_sync_opt_in.sql              │ ✅     │
├────────────────────────────────────────────┼────────┤
│ 0024_form_builder_phase3.sql               │ ✅     │
├────────────────────────────────────────────┼────────┤
│ 0025_speaker_profile_task_fields.sql       │ ✅     │
├────────────────────────────────────────────┼────────┤
│ 0026_speaker_roster.sql                    │ ✅     │
├────────────────────────────────────────────┼────────┤
│ 0027_review_assignment_recusal.sql         │ ✅     │
├────────────────────────────────────────────┼────────┤
│ 0028_speaker_profile_sync_backfill.sql     │ ✅     │
├────────────────────────────────────────────┼────────┤
│ 0029_public_embeds.sql                     │ ✅     │
├────────────────────────────────────────────┼────────┤
│ 0030_content_deliverables.sql              │ ✅     │
├────────────────────────────────────────────┼────────┤
│ 0031_review_rounds.sql                     │ ✅     │
├────────────────────────────────────────────┼────────┤
│ 0032_speaker_operations.sql                │ ✅     │
├────────────────────────────────────────────┼────────┤
│ 0033_structured_speaker_tasks.sql          │ ✅     │
├────────────────────────────────────────────┼────────┤
│ 0034_portal_resources.sql                  │ ✅     │
├────────────────────────────────────────────┼────────┤
│ 0035_accelevents_sync.sql                  │ ✅     │
├────────────────────────────────────────────┼────────┤
│ 0036_speaker_crm.sql                       │ 🕒️    │
├────────────────────────────────────────────┼────────┤
│ 0037_speaker_profile_identity_fields.sql   │ 🕒️    │
├────────────────────────────────────────────┼────────┤
│ 0038_organizer_submission_notify_prefs.sql │ 🕒️    │
├────────────────────────────────────────────┼────────┤
│ 0039_accelevents_auto_sync.sql             │ 🕒️    │
├────────────────────────────────────────────┼────────┤
│ 0040_event_api_tokens.sql                  │ 🕒️    │
├────────────────────────────────────────────┼────────┤
│ 0041_public_embed_status.sql               │ 🕒️    │
└────────────────────────────────────────────┴────────┘
🌀 Executing on local database conference-engine (021b5626-e4ba-44d2-bbfd-69b99d483efb) from .wrangler/state/v3/d1:
🌀 To execute on your remote database, add a --remote flag to your wrangler command.
🚣 7 commands executed successfully.
┌────────────────────────────────────────────┬────────┐
│ name                                       │ status │
├────────────────────────────────────────────┼────────┤
│ 0001_core.sql                              │ ✅     │
├────────────────────────────────────────────┼────────┤
│ 0002_speaker_tasks.sql                     │ ✅     │
├────────────────────────────────────────────┼────────┤
│ 0003_evaluation_email_agenda.sql           │ ✅     │
├────────────────────────────────────────────┼────────┤
│ 0004_event_rooms.sql                       │ ✅     │
├────────────────────────────────────────────┼────────┤
│ 0005_submission_category.sql               │ ✅     │
├────────────────────────────────────────────┼────────┤
│ 0006_reviewers.sql                         │ ✅     │
├────────────────────────────────────────────┼────────┤
│ 0007_submission_labels.sql                 │ ✅     │
├────────────────────────────────────────────┼────────┤
│ 0008_co_speakers.sql                       │ ✅     │
├────────────────────────────────────────────┼────────┤
│ 0009_review_assignments.sql                │ ✅     │
├────────────────────────────────────────────┼────────┤
│ 0010_accounts.sql                          │ ✅     │
├────────────────────────────────────────────┼────────┤
│ 0011_agenda_slot_room_id.sql               │ ✅     │
├────────────────────────────────────────────┼────────┤
│ 0012_production_hardening.sql              │ ✅     │
├────────────────────────────────────────────┼────────┤
│ 0013_final_gate_security.sql               │ ✅     │
├────────────────────────────────────────────┼────────┤
│ 0014_delivery_claim_hardening.sql          │ ✅     │
├────────────────────────────────────────────┼────────┤
│ 0015_product_foundation.sql                │ ✅     │
├────────────────────────────────────────────┼────────┤
│ 0016_self_service_configuration.sql        │ ✅     │
├────────────────────────────────────────────┼────────┤
│ 0017_cfp_lifecycle.sql                     │ ✅     │
├────────────────────────────────────────────┼────────┤
│ 0018_evaluation_workflows.sql              │ ✅     │
├────────────────────────────────────────────┼────────┤
│ 0019_communications_portal.sql             │ ✅     │
├────────────────────────────────────────────┼────────┤
│ 0020_session_lineage_media.sql             │ ✅     │
├────────────────────────────────────────────┼────────┤
│ 0021_session_materialization_claims.sql    │ ✅     │
├────────────────────────────────────────────┼────────┤
│ 0022_reviewer_email.sql                    │ ✅     │
├────────────────────────────────────────────┼────────┤
│ 0023_airtable_sync_opt_in.sql              │ ✅     │
├────────────────────────────────────────────┼────────┤
│ 0024_form_builder_phase3.sql               │ ✅     │
├────────────────────────────────────────────┼────────┤
│ 0025_speaker_profile_task_fields.sql       │ ✅     │
├────────────────────────────────────────────┼────────┤
│ 0026_speaker_roster.sql                    │ ✅     │
├────────────────────────────────────────────┼────────┤
│ 0027_review_assignment_recusal.sql         │ ✅     │
├────────────────────────────────────────────┼────────┤
│ 0028_speaker_profile_sync_backfill.sql     │ ✅     │
├────────────────────────────────────────────┼────────┤
│ 0029_public_embeds.sql                     │ ✅     │
├────────────────────────────────────────────┼────────┤
│ 0030_content_deliverables.sql              │ ✅     │
├────────────────────────────────────────────┼────────┤
│ 0031_review_rounds.sql                     │ ✅     │
├────────────────────────────────────────────┼────────┤
│ 0032_speaker_operations.sql                │ ✅     │
├────────────────────────────────────────────┼────────┤
│ 0033_structured_speaker_tasks.sql          │ ✅     │
├────────────────────────────────────────────┼────────┤
│ 0034_portal_resources.sql                  │ ✅     │
├────────────────────────────────────────────┼────────┤
│ 0035_accelevents_sync.sql                  │ ✅     │
├────────────────────────────────────────────┼────────┤
│ 0036_speaker_crm.sql                       │ ✅     │
├────────────────────────────────────────────┼────────┤
│ 0037_speaker_profile_identity_fields.sql   │ 🕒️    │
├────────────────────────────────────────────┼────────┤
│ 0038_organizer_submission_notify_prefs.sql │ 🕒️    │
├────────────────────────────────────────────┼────────┤
│ 0039_accelevents_auto_sync.sql             │ 🕒️    │
├────────────────────────────────────────────┼────────┤
│ 0040_event_api_tokens.sql                  │ 🕒️    │
├────────────────────────────────────────────┼────────┤
│ 0041_public_embed_status.sql               │ 🕒️    │
└────────────────────────────────────────────┴────────┘
🌀 Executing on local database conference-engine (021b5626-e4ba-44d2-bbfd-69b99d483efb) from .wrangler/state/v3/d1:
🌀 To execute on your remote database, add a --remote flag to your wrangler command.
🚣 4 commands executed successfully.
┌────────────────────────────────────────────┬────────┐
│ name                                       │ status │
├────────────────────────────────────────────┼────────┤
│ 0001_core.sql                              │ ✅     │
├────────────────────────────────────────────┼────────┤
│ 0002_speaker_tasks.sql                     │ ✅     │
├────────────────────────────────────────────┼────────┤
│ 0003_evaluation_email_agenda.sql           │ ✅     │
├────────────────────────────────────────────┼────────┤
│ 0004_event_rooms.sql                       │ ✅     │
├────────────────────────────────────────────┼────────┤
│ 0005_submission_category.sql               │ ✅     │
├────────────────────────────────────────────┼────────┤
│ 0006_reviewers.sql                         │ ✅     │
├────────────────────────────────────────────┼────────┤
│ 0007_submission_labels.sql                 │ ✅     │
├────────────────────────────────────────────┼────────┤
│ 0008_co_speakers.sql                       │ ✅     │
├────────────────────────────────────────────┼────────┤
│ 0009_review_assignments.sql                │ ✅     │
├────────────────────────────────────────────┼────────┤
│ 0010_accounts.sql                          │ ✅     │
├────────────────────────────────────────────┼────────┤
│ 0011_agenda_slot_room_id.sql               │ ✅     │
├────────────────────────────────────────────┼────────┤
│ 0012_production_hardening.sql              │ ✅     │
├────────────────────────────────────────────┼────────┤
│ 0013_final_gate_security.sql               │ ✅     │
├────────────────────────────────────────────┼────────┤
│ 0014_delivery_claim_hardening.sql          │ ✅     │
├────────────────────────────────────────────┼────────┤
│ 0015_product_foundation.sql                │ ✅     │
├────────────────────────────────────────────┼────────┤
│ 0016_self_service_configuration.sql        │ ✅     │
├────────────────────────────────────────────┼────────┤
│ 0017_cfp_lifecycle.sql                     │ ✅     │
├────────────────────────────────────────────┼────────┤
│ 0018_evaluation_workflows.sql              │ ✅     │
├────────────────────────────────────────────┼────────┤
│ 0019_communications_portal.sql             │ ✅     │
├────────────────────────────────────────────┼────────┤
│ 0020_session_lineage_media.sql             │ ✅     │
├────────────────────────────────────────────┼────────┤
│ 0021_session_materialization_claims.sql    │ ✅     │
├────────────────────────────────────────────┼────────┤
│ 0022_reviewer_email.sql                    │ ✅     │
├────────────────────────────────────────────┼────────┤
│ 0023_airtable_sync_opt_in.sql              │ ✅     │
├────────────────────────────────────────────┼────────┤
│ 0024_form_builder_phase3.sql               │ ✅     │
├────────────────────────────────────────────┼────────┤
│ 0025_speaker_profile_task_fields.sql       │ ✅     │
├────────────────────────────────────────────┼────────┤
│ 0026_speaker_roster.sql                    │ ✅     │
├────────────────────────────────────────────┼────────┤
│ 0027_review_assignment_recusal.sql         │ ✅     │
├────────────────────────────────────────────┼────────┤
│ 0028_speaker_profile_sync_backfill.sql     │ ✅     │
├────────────────────────────────────────────┼────────┤
│ 0029_public_embeds.sql                     │ ✅     │
├────────────────────────────────────────────┼────────┤
│ 0030_content_deliverables.sql              │ ✅     │
├────────────────────────────────────────────┼────────┤
│ 0031_review_rounds.sql                     │ ✅     │
├────────────────────────────────────────────┼────────┤
│ 0032_speaker_operations.sql                │ ✅     │
├────────────────────────────────────────────┼────────┤
│ 0033_structured_speaker_tasks.sql          │ ✅     │
├────────────────────────────────────────────┼────────┤
│ 0034_portal_resources.sql                  │ ✅     │
├────────────────────────────────────────────┼────────┤
│ 0035_accelevents_sync.sql                  │ ✅     │
├────────────────────────────────────────────┼────────┤
│ 0036_speaker_crm.sql                       │ ✅     │
├────────────────────────────────────────────┼────────┤
│ 0037_speaker_profile_identity_fields.sql   │ ✅     │
├────────────────────────────────────────────┼────────┤
│ 0038_organizer_submission_notify_prefs.sql │ 🕒️    │
├────────────────────────────────────────────┼────────┤
│ 0039_accelevents_auto_sync.sql             │ 🕒️    │
├────────────────────────────────────────────┼────────┤
│ 0040_event_api_tokens.sql                  │ 🕒️    │
├────────────────────────────────────────────┼────────┤
│ 0041_public_embed_status.sql               │ 🕒️    │
└────────────────────────────────────────────┴────────┘
🌀 Executing on local database conference-engine (021b5626-e4ba-44d2-bbfd-69b99d483efb) from .wrangler/state/v3/d1:
🌀 To execute on your remote database, add a --remote flag to your wrangler command.
🚣 3 commands executed successfully.
┌────────────────────────────────────────────┬────────┐
│ name                                       │ status │
├────────────────────────────────────────────┼────────┤
│ 0001_core.sql                              │ ✅     │
├────────────────────────────────────────────┼────────┤
│ 0002_speaker_tasks.sql                     │ ✅     │
├────────────────────────────────────────────┼────────┤
│ 0003_evaluation_email_agenda.sql           │ ✅     │
├────────────────────────────────────────────┼────────┤
│ 0004_event_rooms.sql                       │ ✅     │
├────────────────────────────────────────────┼────────┤
│ 0005_submission_category.sql               │ ✅     │
├────────────────────────────────────────────┼────────┤
│ 0006_reviewers.sql                         │ ✅     │
├────────────────────────────────────────────┼────────┤
│ 0007_submission_labels.sql                 │ ✅     │
├────────────────────────────────────────────┼────────┤
│ 0008_co_speakers.sql                       │ ✅     │
├────────────────────────────────────────────┼────────┤
│ 0009_review_assignments.sql                │ ✅     │
├────────────────────────────────────────────┼────────┤
│ 0010_accounts.sql                          │ ✅     │
├────────────────────────────────────────────┼────────┤
│ 0011_agenda_slot_room_id.sql               │ ✅     │
├────────────────────────────────────────────┼────────┤
│ 0012_production_hardening.sql              │ ✅     │
├────────────────────────────────────────────┼────────┤
│ 0013_final_gate_security.sql               │ ✅     │
├────────────────────────────────────────────┼────────┤
│ 0014_delivery_claim_hardening.sql          │ ✅     │
├────────────────────────────────────────────┼────────┤
│ 0015_product_foundation.sql                │ ✅     │
├────────────────────────────────────────────┼────────┤
│ 0016_self_service_configuration.sql        │ ✅     │
├────────────────────────────────────────────┼────────┤
│ 0017_cfp_lifecycle.sql                     │ ✅     │
├────────────────────────────────────────────┼────────┤
│ 0018_evaluation_workflows.sql              │ ✅     │
├────────────────────────────────────────────┼────────┤
│ 0019_communications_portal.sql             │ ✅     │
├────────────────────────────────────────────┼────────┤
│ 0020_session_lineage_media.sql             │ ✅     │
├────────────────────────────────────────────┼────────┤
│ 0021_session_materialization_claims.sql    │ ✅     │
├────────────────────────────────────────────┼────────┤
│ 0022_reviewer_email.sql                    │ ✅     │
├────────────────────────────────────────────┼────────┤
│ 0023_airtable_sync_opt_in.sql              │ ✅     │
├────────────────────────────────────────────┼────────┤
│ 0024_form_builder_phase3.sql               │ ✅     │
├────────────────────────────────────────────┼────────┤
│ 0025_speaker_profile_task_fields.sql       │ ✅     │
├────────────────────────────────────────────┼────────┤
│ 0026_speaker_roster.sql                    │ ✅     │
├────────────────────────────────────────────┼────────┤
│ 0027_review_assignment_recusal.sql         │ ✅     │
├────────────────────────────────────────────┼────────┤
│ 0028_speaker_profile_sync_backfill.sql     │ ✅     │
├────────────────────────────────────────────┼────────┤
│ 0029_public_embeds.sql                     │ ✅     │
├────────────────────────────────────────────┼────────┤
│ 0030_content_deliverables.sql              │ ✅     │
├────────────────────────────────────────────┼────────┤
│ 0031_review_rounds.sql                     │ ✅     │
├────────────────────────────────────────────┼────────┤
│ 0032_speaker_operations.sql                │ ✅     │
├────────────────────────────────────────────┼────────┤
│ 0033_structured_speaker_tasks.sql          │ ✅     │
├────────────────────────────────────────────┼────────┤
│ 0034_portal_resources.sql                  │ ✅     │
├────────────────────────────────────────────┼────────┤
│ 0035_accelevents_sync.sql                  │ ✅     │
├────────────────────────────────────────────┼────────┤
│ 0036_speaker_crm.sql                       │ ✅     │
├────────────────────────────────────────────┼────────┤
│ 0037_speaker_profile_identity_fields.sql   │ ✅     │
├────────────────────────────────────────────┼────────┤
│ 0038_organizer_submission_notify_prefs.sql │ ✅     │
├────────────────────────────────────────────┼────────┤
│ 0039_accelevents_auto_sync.sql             │ 🕒️    │
├────────────────────────────────────────────┼────────┤
│ 0040_event_api_tokens.sql                  │ 🕒️    │
├────────────────────────────────────────────┼────────┤
│ 0041_public_embed_status.sql               │ 🕒️    │
└────────────────────────────────────────────┴────────┘
🌀 Executing on local database conference-engine (021b5626-e4ba-44d2-bbfd-69b99d483efb) from .wrangler/state/v3/d1:
🌀 To execute on your remote database, add a --remote flag to your wrangler command.
🚣 2 commands executed successfully.
┌────────────────────────────────────────────┬────────┐
│ name                                       │ status │
├────────────────────────────────────────────┼────────┤
│ 0001_core.sql                              │ ✅     │
├────────────────────────────────────────────┼────────┤
│ 0002_speaker_tasks.sql                     │ ✅     │
├────────────────────────────────────────────┼────────┤
│ 0003_evaluation_email_agenda.sql           │ ✅     │
├────────────────────────────────────────────┼────────┤
│ 0004_event_rooms.sql                       │ ✅     │
├────────────────────────────────────────────┼────────┤
│ 0005_submission_category.sql               │ ✅     │
├────────────────────────────────────────────┼────────┤
│ 0006_reviewers.sql                         │ ✅     │
├────────────────────────────────────────────┼────────┤
│ 0007_submission_labels.sql                 │ ✅     │
├────────────────────────────────────────────┼────────┤
│ 0008_co_speakers.sql                       │ ✅     │
├────────────────────────────────────────────┼────────┤
│ 0009_review_assignments.sql                │ ✅     │
├────────────────────────────────────────────┼────────┤
│ 0010_accounts.sql                          │ ✅     │
├────────────────────────────────────────────┼────────┤
│ 0011_agenda_slot_room_id.sql               │ ✅     │
├────────────────────────────────────────────┼────────┤
│ 0012_production_hardening.sql              │ ✅     │
├────────────────────────────────────────────┼────────┤
│ 0013_final_gate_security.sql               │ ✅     │
├────────────────────────────────────────────┼────────┤
│ 0014_delivery_claim_hardening.sql          │ ✅     │
├────────────────────────────────────────────┼────────┤
│ 0015_product_foundation.sql                │ ✅     │
├────────────────────────────────────────────┼────────┤
│ 0016_self_service_configuration.sql        │ ✅     │
├────────────────────────────────────────────┼────────┤
│ 0017_cfp_lifecycle.sql                     │ ✅     │
├────────────────────────────────────────────┼────────┤
│ 0018_evaluation_workflows.sql              │ ✅     │
├────────────────────────────────────────────┼────────┤
│ 0019_communications_portal.sql             │ ✅     │
├────────────────────────────────────────────┼────────┤
│ 0020_session_lineage_media.sql             │ ✅     │
├────────────────────────────────────────────┼────────┤
│ 0021_session_materialization_claims.sql    │ ✅     │
├────────────────────────────────────────────┼────────┤
│ 0022_reviewer_email.sql                    │ ✅     │
├────────────────────────────────────────────┼────────┤
│ 0023_airtable_sync_opt_in.sql              │ ✅     │
├────────────────────────────────────────────┼────────┤
│ 0024_form_builder_phase3.sql               │ ✅     │
├────────────────────────────────────────────┼────────┤
│ 0025_speaker_profile_task_fields.sql       │ ✅     │
├────────────────────────────────────────────┼────────┤
│ 0026_speaker_roster.sql                    │ ✅     │
├────────────────────────────────────────────┼────────┤
│ 0027_review_assignment_recusal.sql         │ ✅     │
├────────────────────────────────────────────┼────────┤
│ 0028_speaker_profile_sync_backfill.sql     │ ✅     │
├────────────────────────────────────────────┼────────┤
│ 0029_public_embeds.sql                     │ ✅     │
├────────────────────────────────────────────┼────────┤
│ 0030_content_deliverables.sql              │ ✅     │
├────────────────────────────────────────────┼────────┤
│ 0031_review_rounds.sql                     │ ✅     │
├────────────────────────────────────────────┼────────┤
│ 0032_speaker_operations.sql                │ ✅     │
├────────────────────────────────────────────┼────────┤
│ 0033_structured_speaker_tasks.sql          │ ✅     │
├────────────────────────────────────────────┼────────┤
│ 0034_portal_resources.sql                  │ ✅     │
├────────────────────────────────────────────┼────────┤
│ 0035_accelevents_sync.sql                  │ ✅     │
├────────────────────────────────────────────┼────────┤
│ 0036_speaker_crm.sql                       │ ✅     │
├────────────────────────────────────────────┼────────┤
│ 0037_speaker_profile_identity_fields.sql   │ ✅     │
├────────────────────────────────────────────┼────────┤
│ 0038_organizer_submission_notify_prefs.sql │ ✅     │
├────────────────────────────────────────────┼────────┤
│ 0039_accelevents_auto_sync.sql             │ ✅     │
├────────────────────────────────────────────┼────────┤
│ 0040_event_api_tokens.sql                  │ 🕒️    │
├────────────────────────────────────────────┼────────┤
│ 0041_public_embed_status.sql               │ 🕒️    │
└────────────────────────────────────────────┴────────┘
🌀 Executing on local database conference-engine (021b5626-e4ba-44d2-bbfd-69b99d483efb) from .wrangler/state/v3/d1:
🌀 To execute on your remote database, add a --remote flag to your wrangler command.
🚣 4 commands executed successfully.
┌────────────────────────────────────────────┬────────┐
│ name                                       │ status │
├────────────────────────────────────────────┼────────┤
│ 0001_core.sql                              │ ✅     │
├────────────────────────────────────────────┼────────┤
│ 0002_speaker_tasks.sql                     │ ✅     │
├────────────────────────────────────────────┼────────┤
│ 0003_evaluation_email_agenda.sql           │ ✅     │
├────────────────────────────────────────────┼────────┤
│ 0004_event_rooms.sql                       │ ✅     │
├────────────────────────────────────────────┼────────┤
│ 0005_submission_category.sql               │ ✅     │
├────────────────────────────────────────────┼────────┤
│ 0006_reviewers.sql                         │ ✅     │
├────────────────────────────────────────────┼────────┤
│ 0007_submission_labels.sql                 │ ✅     │
├────────────────────────────────────────────┼────────┤
│ 0008_co_speakers.sql                       │ ✅     │
├────────────────────────────────────────────┼────────┤
│ 0009_review_assignments.sql                │ ✅     │
├────────────────────────────────────────────┼────────┤
│ 0010_accounts.sql                          │ ✅     │
├────────────────────────────────────────────┼────────┤
│ 0011_agenda_slot_room_id.sql               │ ✅     │
├────────────────────────────────────────────┼────────┤
│ 0012_production_hardening.sql              │ ✅     │
├────────────────────────────────────────────┼────────┤
│ 0013_final_gate_security.sql               │ ✅     │
├────────────────────────────────────────────┼────────┤
│ 0014_delivery_claim_hardening.sql          │ ✅     │
├────────────────────────────────────────────┼────────┤
│ 0015_product_foundation.sql                │ ✅     │
├────────────────────────────────────────────┼────────┤
│ 0016_self_service_configuration.sql        │ ✅     │
├────────────────────────────────────────────┼────────┤
│ 0017_cfp_lifecycle.sql                     │ ✅     │
├────────────────────────────────────────────┼────────┤
│ 0018_evaluation_workflows.sql              │ ✅     │
├────────────────────────────────────────────┼────────┤
│ 0019_communications_portal.sql             │ ✅     │
├────────────────────────────────────────────┼────────┤
│ 0020_session_lineage_media.sql             │ ✅     │
├────────────────────────────────────────────┼────────┤
│ 0021_session_materialization_claims.sql    │ ✅     │
├────────────────────────────────────────────┼────────┤
│ 0022_reviewer_email.sql                    │ ✅     │
├────────────────────────────────────────────┼────────┤
│ 0023_airtable_sync_opt_in.sql              │ ✅     │
├────────────────────────────────────────────┼────────┤
│ 0024_form_builder_phase3.sql               │ ✅     │
├────────────────────────────────────────────┼────────┤
│ 0025_speaker_profile_task_fields.sql       │ ✅     │
├────────────────────────────────────────────┼────────┤
│ 0026_speaker_roster.sql                    │ ✅     │
├────────────────────────────────────────────┼────────┤
│ 0027_review_assignment_recusal.sql         │ ✅     │
├────────────────────────────────────────────┼────────┤
│ 0028_speaker_profile_sync_backfill.sql     │ ✅     │
├────────────────────────────────────────────┼────────┤
│ 0029_public_embeds.sql                     │ ✅     │
├────────────────────────────────────────────┼────────┤
│ 0030_content_deliverables.sql              │ ✅     │
├────────────────────────────────────────────┼────────┤
│ 0031_review_rounds.sql                     │ ✅     │
├────────────────────────────────────────────┼────────┤
│ 0032_speaker_operations.sql                │ ✅     │
├────────────────────────────────────────────┼────────┤
│ 0033_structured_speaker_tasks.sql          │ ✅     │
├────────────────────────────────────────────┼────────┤
│ 0034_portal_resources.sql                  │ ✅     │
├────────────────────────────────────────────┼────────┤
│ 0035_accelevents_sync.sql                  │ ✅     │
├────────────────────────────────────────────┼────────┤
│ 0036_speaker_crm.sql                       │ ✅     │
├────────────────────────────────────────────┼────────┤
│ 0037_speaker_profile_identity_fields.sql   │ ✅     │
├────────────────────────────────────────────┼────────┤
│ 0038_organizer_submission_notify_prefs.sql │ ✅     │
├────────────────────────────────────────────┼────────┤
│ 0039_accelevents_auto_sync.sql             │ ✅     │
├────────────────────────────────────────────┼────────┤
│ 0040_event_api_tokens.sql                  │ ✅     │
├────────────────────────────────────────────┼────────┤
│ 0041_public_embed_status.sql               │ 🕒️    │
└────────────────────────────────────────────┴────────┘
🌀 Executing on local database conference-engine (021b5626-e4ba-44d2-bbfd-69b99d483efb) from .wrangler/state/v3/d1:
🌀 To execute on your remote database, add a --remote flag to your wrangler command.
🚣 2 commands executed successfully.
┌────────────────────────────────────────────┬────────┐
│ name                                       │ status │
├────────────────────────────────────────────┼────────┤
│ 0001_core.sql                              │ ✅     │
├────────────────────────────────────────────┼────────┤
│ 0002_speaker_tasks.sql                     │ ✅     │
├────────────────────────────────────────────┼────────┤
│ 0003_evaluation_email_agenda.sql           │ ✅     │
├────────────────────────────────────────────┼────────┤
│ 0004_event_rooms.sql                       │ ✅     │
├────────────────────────────────────────────┼────────┤
│ 0005_submission_category.sql               │ ✅     │
├────────────────────────────────────────────┼────────┤
│ 0006_reviewers.sql                         │ ✅     │
├────────────────────────────────────────────┼────────┤
│ 0007_submission_labels.sql                 │ ✅     │
├────────────────────────────────────────────┼────────┤
│ 0008_co_speakers.sql                       │ ✅     │
├────────────────────────────────────────────┼────────┤
│ 0009_review_assignments.sql                │ ✅     │
├────────────────────────────────────────────┼────────┤
│ 0010_accounts.sql                          │ ✅     │
├────────────────────────────────────────────┼────────┤
│ 0011_agenda_slot_room_id.sql               │ ✅     │
├────────────────────────────────────────────┼────────┤
│ 0012_production_hardening.sql              │ ✅     │
├────────────────────────────────────────────┼────────┤
│ 0013_final_gate_security.sql               │ ✅     │
├────────────────────────────────────────────┼────────┤
│ 0014_delivery_claim_hardening.sql          │ ✅     │
├────────────────────────────────────────────┼────────┤
│ 0015_product_foundation.sql                │ ✅     │
├────────────────────────────────────────────┼────────┤
│ 0016_self_service_configuration.sql        │ ✅     │
├────────────────────────────────────────────┼────────┤
│ 0017_cfp_lifecycle.sql                     │ ✅     │
├────────────────────────────────────────────┼────────┤
│ 0018_evaluation_workflows.sql              │ ✅     │
├────────────────────────────────────────────┼────────┤
│ 0019_communications_portal.sql             │ ✅     │
├────────────────────────────────────────────┼────────┤
│ 0020_session_lineage_media.sql             │ ✅     │
├────────────────────────────────────────────┼────────┤
│ 0021_session_materialization_claims.sql    │ ✅     │
├────────────────────────────────────────────┼────────┤
│ 0022_reviewer_email.sql                    │ ✅     │
├────────────────────────────────────────────┼────────┤
│ 0023_airtable_sync_opt_in.sql              │ ✅     │
├────────────────────────────────────────────┼────────┤
│ 0024_form_builder_phase3.sql               │ ✅     │
├────────────────────────────────────────────┼────────┤
│ 0025_speaker_profile_task_fields.sql       │ ✅     │
├────────────────────────────────────────────┼────────┤
│ 0026_speaker_roster.sql                    │ ✅     │
├────────────────────────────────────────────┼────────┤
│ 0027_review_assignment_recusal.sql         │ ✅     │
├────────────────────────────────────────────┼────────┤
│ 0028_speaker_profile_sync_backfill.sql     │ ✅     │
├────────────────────────────────────────────┼────────┤
│ 0029_public_embeds.sql                     │ ✅     │
├────────────────────────────────────────────┼────────┤
│ 0030_content_deliverables.sql              │ ✅     │
├────────────────────────────────────────────┼────────┤
│ 0031_review_rounds.sql                     │ ✅     │
├────────────────────────────────────────────┼────────┤
│ 0032_speaker_operations.sql                │ ✅     │
├────────────────────────────────────────────┼────────┤
│ 0033_structured_speaker_tasks.sql          │ ✅     │
├────────────────────────────────────────────┼────────┤
│ 0034_portal_resources.sql                  │ ✅     │
├────────────────────────────────────────────┼────────┤
│ 0035_accelevents_sync.sql                  │ ✅     │
├────────────────────────────────────────────┼────────┤
│ 0036_speaker_crm.sql                       │ ✅     │
├────────────────────────────────────────────┼────────┤
│ 0037_speaker_profile_identity_fields.sql   │ ✅     │
├────────────────────────────────────────────┼────────┤
│ 0038_organizer_submission_notify_prefs.sql │ ✅     │
├────────────────────────────────────────────┼────────┤
│ 0039_accelevents_auto_sync.sql             │ ✅     │
├────────────────────────────────────────────┼────────┤
│ 0040_event_api_tokens.sql                  │ ✅     │
├────────────────────────────────────────────┼────────┤
│ 0041_public_embed_status.sql               │ ✅     │
└────────────────────────────────────────────┴────────┘
